"Summons Number","Plate ID","Registration State","Plate Type","Issue Date","Violation Code","Vehicle Body Type","Vehicle Make","Issuing Agency","Street Code1","Street Code2","Street Code3","Vehicle Expiration Date","Violation Location","Violation Precinct","Issuer Precinct","Issuer Code","Issuer Command","Issuer Squad","Violation Time","Time First Observed","Violation County","Violation In Front Of Or Opposite","House Number","Street Name","Intersecting Street","Date First Observed","Law Section","Sub Division","Violation Legal Code","Days Parking In Effect","From Hours In Effect","To Hours In Effect","Vehicle Color","Unregistered Vehicle?","Vehicle Year","Meter Number","Feet From Curb","Violation Post Code","Violation Description","No Standing or Stopping Violation","Hydrant Violation","Double Parking Violation"
"1486849969","KEF4069","NY","PAS","01/07/2022","46","SDN","LEXUS","P","74230","38080","73480","20220817","67","67","67","972627","0067","0000","0708P",,"K","F","1087","RUTLAND RD",,"0","408","E2",,"BBBBBBB","ALL","ALL","BLK","0","0","-","0",,,,,
"1485666818","HLP2724","NY","PAS","01/07/2022","17","SDN","LEXUS","O","16790","21690","22040","20221209","102","102","0","0","0QSC","0000","1245P",,"Q","F","126-01","82ND AVENUE",,"0","408","E2",,"YYYYYBB","0700A","0700P","GR","0","2006","-","0",,,,,
"1466170499","KED8437","NY","PAS","01/07/2022","46","SDN","BMW","O","59990","16840","16940","0","102","102","0","0","0000","0000","0954A",,,"F","125 01","QUEENS BLVD",,"0","408","E2",,"BBBBBBB","ALL","ALL","WH","0","0","-","0",,,,,
"1490912988","KKL2881","NY","PAS","01/07/2022","98","SUBN","TOYOT","P","26030","52730","39830","20230408","75","75","75","971985","0075","0000","1240A",,"K","F","46","CHESTNUT ST",,"0","408","E2",,"BBBBBBB","ALL","ALL","BK","0","2021","-","0",,,,,
"1488089693","1AC76C","MA","COM","01/07/2022","78","DELV","PAEO","P","0","0","0","20230630","107","107","107","965724","0107","0000","0220A",,"Q",,,"I/O FLB","73 AVE","0","408","E2",,"BBBBBBB","0900P","0500A","BLU","0","0","-","0",,,,,
"1485792095","910841ST","99","COM","01/07/2022","78",,"DODGE","P","47150","41311","46850","0","122","122","122","952122","0122","0000","0118A",,"R","F","777","SEAVIEW AVE",,"0","408","K6",,"BBBBBBB","2100P","0500A","BLACK","0","0","-","0",,,,,
"1485792149","TZR26Y","NJ","PAS","01/07/2022","78","TR","GDN","P","47150","41311","46850","0","122","122","122","952122","0122","0000","0124A",,"R","F","777","SEAVIEW AVE",,"0","408","K6",,"BBBBBBB","2100P","0500A","WH","0","1999","-","0",,,,,
"1488654839","KNZ2750","NY","PAS","01/07/2022","50","SUBN","VOLKS","P","35730","94430","25130","20230623","70","70","70","960087","0070","0000","1044P",,"K","F","50","EAST 21 STREET",,"0","408","E2",,"BBBBBBB","ALL","ALL","GOLD","0","2022","-","0",,,,,
"1488654840","PMD6621","OH","PAS","01/07/2022","78","DELV","DODGE","P","14180","35680","67530","0","70","70","70","960087","0070","0000","1117P",,"K","F","1911","AVENUE L",,"0","408","E5",,"BBBBBBB","ALL","ALL","WHITE","0","0","-","0",,,,,
"1486355780","S41PYY","NJ","PAS","01/07/2022","14","SDN","NISSA","P","16310","31890","15510","0","7","7","7","970452","0007","0000","0100A",,,"F","162","DELANCEY ST",,"0","408","C",,"BBBBBBB","ALL","ALL",,"0","0","-","0",,,,,
"1489801911","T787426C","NY","OMT","01/07/2022","98","SUBN","GMC","P","52130","47330","45930","20230831","83","83","83","955383","0083","0000","0606A",,"K","F","220","IRVING AVE",,"0","408","C3",,"BBBBBBB","ALL","ALL","BK","0","2016","-","0",,,,,
"1488937072","18030MA","NY","COM","01/07/2022","70","P-U","FORD","P","22670","35780","27190","20221130","105","105","105","966624","0105","0000","1118A",,"Q","F","241-20","140 AVE",,"0","408","J3",,"BBBBBBB","ALL","ALL",,"0","2004","-","0",,,,,
"1489430570","KMG9804","NY","PAS","01/07/2022","40","SUBN","INFIN","P","10680","6980","7080","20230607","62","62","62","969197","0062","0000","0635A",,"K","F","1919","82 ST",,"0","408","E2",,"BBBBBBB","ALL","ALL","ORANG","0","0","-","0",,,,,
"1487861280","KBG1581","NY","PAS","01/07/2022","98",,"TOYOT","P","40120","12550","42720","20240928","42","42","42","966788","0042","0000","0125A",,"BX","F","1337","HOE AVE",,"0","408","F1",,"BBBBBBB","ALL","ALL",,"0","0","-","0",,,,,
"1487861291","3969735","PA","PAS","01/07/2022","98","SDN","AUDI","P","42420","26640","40520","20230205","42","42","42","966788","0042","0000","0154A",,"BX","F","1116","JACKSON AVE",,"0","408","F2",,"BBBBBBB","ALL","ALL",,"0","0","-","0",,,,,
"1486846452","HXY4955","TX","PAS","01/07/2022","70","SDN","NISSA","P","37880","93830","26630","20220320","67","67","67","973165","0067","0000","0911P",,"K","F","238","E 92 STREET",,"0","408","F2",,"BBBBBBB","ALL","ALL","GY","0","0","-","0",,,,,
"1486857887","PRT2470","GA","PAS","01/07/2022","98","VAN","DODGE","P","36230","29630","26430","20231019","67","67","67","955586","0067","0000","0707A",,"K","F","282","E 32 ST",,"0","408","F2",,"BBBBBBB","ALL","ALL","W","0","2013","-","0",,,,,
"1490204969","VLA8546","VA","PAS","01/07/2022","40","SDN","HONDA","P","20190","19990","20240","0","106","106","106","960187","0106","0000","1140P",,"Q","F","107-54","108 ST",,"0","408","F2",,"BBBBBBB","ALL","ALL","GRY","0","0","-","0",,,,,
"1490987411","S1408079","NJ","PAS","01/07/2022","20","SUBN","FORD","P","27840","10020","58020","0","52","52","52","969078","0052","0000","0923P",,"BX","O","291","EAST 207",,"0","408","D",,"BBBBBBB","ALL","ALL",,"0","2014","-","0",,,,,
"1490492010","HSH9690","NY","PAS","01/07/2022","14","SDN","MAZDA","P","53820","12550","75195","20230622","50","50","50","974319","0050","0000","0654P","1854P","BX","F","5550-52","NETHERLAND AVE",,"0","408","E2",,"BBBBBBB","ALL","ALL","GRAY","0","2012","-","0",,,,,
"1487617525","DG18096","IL","PAS","01/08/2022","14","VAN","HONDA","P","0","40404","40404","20220322","108","108","108","967221","0108","0000","1215A",,"Q","F","70-03","CALAMUS",,"0","408","F2",,"BBBBBBY","ALL","ALL","GREY","0","2007","-","0",,,,,
"1471900630","JFN4879","NY","PAS","01/08/2022","51","VAN","TOYOT","P","81630","69230","63030","20230228","88","88","8","960170","0008","0000","0940P",,"K","F","81","STEUBEN ST",,"0","408","K6",,"BBBBBBB","ALL","ALL","GY","0","2011","-","0",,,,,
"1471915293","KXZ9903","NY","PAS","01/08/2022","98","SUBN","SUBAR","P","80330","86030","75430","20241122","77","77","77","954375","0077","0000","0645P",,"K","F","1285","ST JOHNS PL",,"0","408","C",,"BBBBBBB","ALL","ALL","GRY","0","2007","-","0",,,,,
"1487061663","JAKJ79","99","PAS","01/08/2022","40","SUBN","FORD","P","37484","14180","14230","20230630","63","63","63","938490","0063","0000","0842A",,"K","O","1291","E 73 ST",,"0","408","E2",,"BBBBBBB","ALL","ALL","BLK","0","2022","-","0",,,,,
"1483839618","JRM4065","NY","PAS","01/08/2022","98","SUBN","FORD","P","57030","62430","60440","20240331","70","70","90","962161","0090","0000","0955A",,"K",,"346","LORIMER",,"0","408","J2",,"BBBBBBB","ALL","ALL",,"0","0","-","0",,,,,
"1489757569","KJD4098","NY","PAS","01/08/2022","46","SDN","LEXUS","P","50930","47030","46730","20230315","81","81","81","954370","0081","0000","1245P",,"K","F","87","HOWARD AVE",,"0","408","J6",,"BBBBBBB","ALL","ALL","WH","0","0","-","0",,,,,
"1488905332","JSC5603","NY","PAS","01/08/2022","98","SDN","LEXUS","P","24540","22390","22670","20240801","113","113","113","973240","0113","0000","0827A",,"Q","F","137-15","169 STREET",,"0","408","J3",,"BBBBBBB","ALL","ALL","GRAY","0","0","-","0",,,,,
"1488378964","KFN8694","NY","PAS","01/08/2022","40","SDN","NISSA","P","55530","72830","31530","20241015","81","81","81","943858","0081","0000","0845A",,,"F","109","LEWIS AVENUE",,"0","408","F2",,"BBBBBBB","ALL","ALL","BLK","0","2012","-","0",,,,,
"1490211792","KHU8750","NY","PAS","01/08/2022","40","SUBN","RAM","P","18240","53790","19990","20230212","106","106","106","963545","0106","0000","0420P",,"Q","F","105-19","90 ST",,"0","408","N5",,"BBBBBBB","ALL","ALL","BLK","0","0","-","0",,,,,
"1490211846","KZA7475","NY","PAS","01/08/2022","98","SUBN","LINCO","P","5640","40404","40404","20241124","106","106","106","963545","0106","0000","0700P",,"Q",,,"S/O 104-62 10 ST",,"0","408","E2",,"BBBBBBB","ALL","ALL","GY","0","2005","-","0",,,,,
"1477907671","T763180C","NY","PAS","01/08/2022","14","SDN","HYUND","P","34170","10610","10810","20230131","10","10","10","904876","0010","0000","0230P","0225P","NY","O","216","W 20 ST",,"20,220,108","408","C",,"BBBBBBB","ALL","ALL","BLUE","0","2014","-","0",,,,,
"1487072740","BDP2822","NY","OMT","01/08/2022","98","SDN","FORD","P","37468","14580","14630","20220228","63","63","63","970611","0063","0000","0640P",,"NY","F","2076","E 67 ST",,"0","408","F2",,"BBBBBBB","ALL","ALL",,"0","0","-","0",,,,,
"1489097405","JJD3835","NC","PAS","01/08/2022","98","SUBN","GMC","P","53620","74330","21240","20221015","44","44","44","971758","0044","0000","1046P","2236P","BX","F","1303","NELSON AVE",,"0","408","F1",,"BBBBBBB","ALL","ALL",,"0","0","-","0",,,,,
"1487226731","KSC8776","NY","PAS","01/08/2022","98","SUBN","JEEP","P","70420","26550","26610","20240130","42","42","42","970464","0042","0000","0436A",,"BX","F","945","UNION AVE",,"0","408","E2",,"BBBBBBB","ALL","ALL","GRAY","0","2021","-","0",,,,,
"1486037847","KLH3897","NY","PAS","01/08/2022","14","SDN","KIA","8","50770","70520","12550","20230401","43","43","0","59","0000","0000","1220P",,"BX","O","5","METROPOLITAN OVAL",,"0","408","C",,"BBBBBBB","ALL","ALL","RED","0","2019","-","0",,,,,
"1488912075","KZJ2660","NY","PAS","01/08/2022","94","SDN","FORD","P","18940","37090","27790","20241027","103","103","103","967875","0103","0000","1021P",,,"F","143-03","97 AVENUE",,"0","408","C3",,"BBBBBBB","ALL","ALL",,"0","0","-","0",,,,,
"1484401750","HLD8782","NY","PAS","01/08/2022","40","SDN","JEEP","P","19190","13240","13440","20240915","112","112","112","964218","0112","0000","0015A",,"Q","F","64-02","99 ST",,"0","408","E2",,"BBBBBBB","ALL","ALL","RED","0","2017","-","0",,,,,
"1474082208","KWP3524","NY","PAS","01/08/2022","19","SDN","HYUND","P","29690","23","35370","20240501","20","20","20","932194","0020","0000","1139A",,"NY","O","76","RIVERSIDE DR",,"0","408","E2",,"BBBBBBB","ALL","ALL","GRAY","0","2022","-","0",,,,,
"1488964889","JT132","99","PAS","01/08/2022","46","SDN","FORD","P","16120","64020","34820","20220630","41","41","41","962107","0041","0000","0017A",,"BX","F","882","BRYANT AVE",,"0","408","C",,"BBBBBBB","ALL","ALL","BLK","0","2010","-","0",,,,,
"1488965201","LRM2156","PA","PAS","01/08/2022","20","SDN","HONDA","P","33520","12550","26340","0","41","41","41","933557","0041","0000","0642A",,"BX","O","745","FOX ST",,"0","408","F1",,"BBBBBBB","ALL","ALL","BL","0","2018","-","0",,,,,
"1488988286","S1368518","GA","PAS","01/08/2022","40","SDN","HONDA","P","57270","40404","40404","20230106","43","43","43","971895","0043","0000","0620P",,"BX","F","1127","PATTERSON AVE",,"0","408","F2",,"BBBBBBB","ALL","ALL","RED","0","2013","-","0",,,,,
"1489421828","ZSA7910","PA","PAS","01/08/2022","40","VAN","FORD","P","10780","6980","7080","0","62","62","62","968435","0062","0000","1018A",,"K","F","1929","84TH ST",,"0","408","F2",,"BBBBBBB","ALL","ALL","WHITE","0","0","-","0",,,,,
"1474750266","Z29RKX","NJ","PAS","01/08/2022","24","SUBN","HYUND","P","0","40404","40404","20230108","79","79","803","972356","0803","0000","0745P","1945P","K","F","552","FLASHING AVE",,"20,220,108","408","F2",,"BBBBBBB","ALL","ALL","GREY","0","2022","-","0",,,,,
"1487921159","KKB2744","NY","PAS","01/08/2022","46","SUBN","TOYOT","P","32690","37630","37690","20230206","34","34","401","966583","0401","0000","0310A",,"NY","O","132","VERMILYEA AVE",,"0","408","F7",,"BBBBBBB","ALL","ALL","BLACK","0","2021","-","0",,,,,
"1489437770","KTZ1077","NY","PAS","01/08/2022","40","SUBN","VOLKS","P","10830","7080","7230","20230905","62","62","62","958772","0062","0000","1025P",,"K","F","2065","85 ST",,"0","408","E3",,"BBBBBBB","ALL","ALL","GRY","0","2021","-","0",,,,,
"1490808024","MBC4948","PA","PAS","01/08/2022","14","SDN","HU","P","14380","35780","35830","0","61","61","66","967694","0066","0000","1208P",,"K","O","2224","AVE P",,"0","408","E2",,"BBBBBBB","ALL","ALL","RD","0","0","-","0",,,,,
"1490647016","ESM8752","NY","PAS","01/08/2022","71","SUBN","TOYOT","P","10090","9840","59990","20230628","108","108","108","973872","0108","0000","0112A",,"Q","F","43-44","44 STREET",,"0","408","K6",,"BBBBBBB","ALL","ALL","WHITE","0","2006","-","0",,,,,
"1490940558","KSP2539","NY","PAS","01/08/2022","40","SDN","BMW","P","0","0","0","20230902","52","52","52","969798","0052","0000","0845P",,"BX","F","2550","UNVERISTY AVE",,"0","408","E2",,"BBBBBBB","ALL","ALL","GRY","0","2016","-","0",,,,,
"1490940571","KET5975","NY","PAS","01/08/2022","74","SDN","HONDA","P","0","40404","40404","20240930","52","52","52","969798","0052","0000","0912P",,"BX","F","2985","BOTANIAL SQUARE GARD",,"0","408","E2",,"BBBBBBB","ALL","ALL","BLK","0","2016","-","0",,,,,
"1490940637","LGN5700","PA","PAS","01/08/2022","41","SDN","DODGE","P","58020","29430","27750","20231231","52","52","52","969798","0052","0000","1111P",,"BX","F","3041","PERRY AVE",,"0","408","E2",,"BBBBBBB","ALL","ALL","BLK","0","2013","-","0",,,,,
"1490940716","KLE5351","NY","PAS","01/08/2022","67","SDN","CHRYS","P","0","0","0","20230726","52","52","52","969798","0052","0000","1106P",,"BX","F",,"N/S MOSHOLU PKWY","N/O","0","408","E2",,"BBBBBBB","ALL","ALL","BLK","0","2017","-","0",,,,,
"1490236648","DKT9350","NY","PAS","01/08/2022","98","SDN","NISSA","P","18290","18240","18390","20231003","102","102","102","956472","0102","0000","0227A",,"Q","F","90-19","91 AVE",,"0","408","F2",,"BBBBBBB","ALL","ALL","GLD","0","2002","-","0",,,,,
"1490457136","BF95086","CT","PAS","01/08/2022","40","SDN","DODGE","P","28800","43650","43320","0","47","47","47","969178","0047","0000","0109P",,,"F","297","E 239 ST",,"0","408","F2",,"BBBBBBB","ALL","ALL","GRY","0","2018","-","0",,,,,
"1490773988","67762PC","NY","COM","01/08/2022","6","TRAC","INTER","P","62890","24490","24840","20230930","105","105","105","960235","0105","0000","0200A",,"Q","F","168-18","SOUTH CONDUIT AVENUE",,"0","408","5",,"BBBBBBB","ALL","ALL","BLK","0","2011","-","0",,,,,
"1488550438","91195T","VA","PAS","01/08/2022","70","SUBN","DODGE","P","15710","35710","35770","20220330","24","24","24","970652","0024","0000","0246P",,"NY","F","808","COLUMBUS AVE",,"0","408","J2",,"BBBBBBB","ALL","ALL","BK","0","2015","-","0",,,,,
"1478443418","GLP2066","NY","PAS","01/09/2022","27","SUBN","DODGE","1","0","0","0","20240420","105","105","915","13914","0915","0000","0201A",,"Q","F","79-25","WINCHESTER BLVD","BLDG 101","0","408","C4",,"BBBBBBB","ALL","ALL","GY","0","2020","-","0",,,,,
"1489604625","KVW8899","NY","PAS","01/09/2022","46","SDN","ME/BE","O","16790","21690","22040","20240517","102","102","0","0","0QSC","0000","1050A",,"Q","O","126-02","82ND AVENUE",,"0","408","F1",,"BBBBBBB","ALL","ALL","BLK","0","2005","-","0",,,,,
"1488667780","JJV2335","NC","PAS","01/09/2022","40","SUBN","ME/BE","C","30430","23800","12550","0","45","45","0","109966","CCPD","0000","0148A",,"BX","F","100","ELGAR PLACE",,"0","408","E2",,"BBBBBBB","ALL","ALL","BLK","0","0","-","0",,,,,
"1489264358","GWS9586","NY","PAS","01/09/2022","14",,"HONDA","P","36940","7490","7640","20230320","108","108","108","972481","0108","0000","1052P",,"Q","F","27-01","QUEENS PLAZA N",,"0","408","C",,"BBBBBBB","ALL","ALL","BLK","0","2015","-","0",,,,,
"1490632359","KML4900","NY","PAS","01/09/2022","20",,"SUBAR","P","13430","41630","5680","20230625","78","78","78","974263","0078","0000","0424P","0424P","K","F","625","ATLANTIC AVE",,"0","408","D",,"BBBBBBB","ALL","ALL","GRAY","0","2022","-","0",,,,,
"1489439900","443BTSV","99","PAS","01/09/2022","98","VAN","HONDA","P","10330","6980","7080","0","62","62","62","972148","0062","0000","0113A",,,"F","1972","BAY RIDGE PKWY",,"0","408","E2",,"BBBBBBB","ALL","ALL","GRAY","0","0","-","0",,,,,
"1489467490","HHV7407","NY","PAS","01/09/2022","40","SUBN","ME/BE","P","31190","36810","36830","20240707","30","30","30","970115","0030","0000","1052P",,"NY","F","847","ST NICHOLAS AVE",,"0","408","D1",,"BBBBBBB","ALL","ALL","GRAY","0","2022","-","0",,,,,
"1488124887","AMD6715","NY","PAS","01/09/2022","40","P-U","JEEP","P","21340","20240","20440","20230420","106","106","106","939942","0106","0000","0245A",,,"F","109-44","120 ST",,"0","408","E2",,"BBBBBBB","ALL","ALL","WHT","0","2004","-","0",,,,,
"1488597297","H1POTECA","NY","PAS","01/09/2022","46","SUBN","BMW","P","5430","11130","11180","20230917","68","68","68","971083","0068","0000","0245P",,"K","F","9130","4 AVE",,"0","408","E2",,"BBBBBBB","ALL","ALL","WHITE","0","2020","-","0",,,,,
"1487217067","KZL3540","NY","PAS","01/09/2022","40","SDN","HONDA","P","49720","53720","28800","20241118","47","47","47","973522","0047","0000","0530A","0530A","BX","F","4421","MATILDA AVE",,"0","408","E2",,"BBBBBBB","ALL","ALL","WHT","0","2020","-","0",,,,,
"1489529597","X63NPT","NJ","PAS","01/09/2022","14","SDN","HYUND","P","9380","5430","5580","20230430","72","72","872","965989","0872","0000","1114P",,"K","O","402","56TH STREET",,"0","408","E3",,"BBBBBBB","ALL","ALL","WH","0","0","-","0",,,,,
"1473143445","55026NB","NY","COM","01/09/2022","78","VAN","ME/BE","P","57770","28400","70408","20240708","120","120","120","972454","0120","0000","0019A","0019A","R",,"77","NARROWS ROAD NORTH",,"0","408","K6",,"BBBBBBB","ALL","ALL","BLK","0","2022","-","0",,,,,
"1489323107","569679T","NJ","PAS","01/09/2022","98","SDN","NISSA","P","16590","7790","7990","0","115","115","115","966064","0115","0000","0155P",,"Q","F","30-40","80 ST",,"0","408","F2",,"BBBBBBB","ALL","ALL","WHITE","0","2017","-","0",,,,,
"1489844399","C317286","CT","PAS","01/09/2022","40","SDN","CHEVR","P","11110","14440","14690","0","104","104","104","951082","0104","0000","0530A",,"Q",,"6802","53 DR",,"0","408","E2",,"BBBBBBB","ALL","ALL","BLU","0","0","-","1",,,,,
"1491275650","KJA3341","NY","PAS","01/09/2022","40","SDN","HONDA","P","10830","7080","7230","20221213","62","62","62","972148","0062","0000","1144P",,"K","F","2045","85 STREET",,"0","408","E2",,"BBBBBBB","ALL","ALL","BLK","0","2013","-","1",,,,,
"1490319773","3907241","PA","PAS","01/09/2022","24","SUBN","FORD","P","0","0","0","0",,"0","33","970091","0033","0000","0834A",,"NY",,,,,"0","408","D",,"BBBBBBB","ALL","ALL","BLK","0","0","-","0",,,,,
"1490332212","2SDR43","MA","PAS","01/09/2022","46","SDN","HONDA","P","16910","27090","29190","0","34","34","34","969622","0034","0000","0110A",,"NY","F","102","DYCKMAN STREET",,"0","408","F1",,"BBBBBBB","ALL","ALL","RED","0","0","-","0",,,,,
"1489979906","KVX2616","NY","PAS","01/09/2022","40","SUBN","BMW","P","14590","38690","56490","20240501","104","104","104","965582","0104","0000","0111A",,"Q","F","71-22","69 PLACE",,"0","408","K6",,"BBBBBBB","ALL","ALL","GY","0","2008","-","0",,,,,
"1487272418","XLGA12","NJ","PAS","01/10/2022","46","DELV","CHEVR","P","38135","0","0","0","46","46","46","963091","0046","0000","0709A",,"BX","F",,"HARLEM RIVER PARK BR","SEDGWICK","0","408","F1",,"BBBBBBB","ALL","ALL","WH","0","2021","-","0",,,,,
"1463804386","KPM2331","NY","PAS","01/10/2022","20","SUBN","FORD","Y","26630","64830","36480","20230715","71","71","976","101269","0976","0000","1027A",,"K","F","451","CLARKSON AVE",,"0","408","D",,"BBBBBBB","0700A","0700P","RED","0","2015","-","0",,,,,
"1471900666","LYR3544","PA","PAS","01/10/2022","14","SDN","VOLKS","P","41130","40090","93250","20230630","88","88","88","960170","0088","0000","0520P",,"K","O","112","FLEET PLACE",,"0","408","F1",,"BBBBBBB","ALL","ALL","GY","0","2015","-","0",,,,,
"1484682804","KYF3722","NY","PAS","01/10/2022","14","SUBN","HONDA","K","0","0","0","20240908","44","44","2","160381","0002","0000","1140A",,"BX","O",,"W 160TH STREET","MERRIAM PLAYGROUND","0","408","E3",,"BBBBBBB","ALL","ALL","GREY","0","2017","-","0",,,,,
"1490211240","KVN5616","NY","PAS","01/10/2022","40",,"JEEP","P","38690","45240","35780","20240517","101","101","101","957608","0101","0000","1150A",,"NY","F","16-03","CENTRAL AVE",,"0","408","5",,"BBBBBBB","ALL","ALL","BLU","0","2007","-","0",,,,,
"1489898001","KSP8530","NY","PAS","01/10/2022","98","SDN","FIAT","P","29290","36590","58590","20240109","109","109","109","959549","0109","0000","1140P",,"Q","F","143-36","BARCLAY AVE",,"0","408","F2",,"BBBBBBB","ALL","ALL","WHI","0","2016","-","0",,,,,
"1489096607","S1406220","GA","PAS","01/10/2022","46","SDN","DODGE","P","26580","36420","0","0","44","44","44","973013","0044","0000","0805P",,"BX","F",,"E 164 ST","GRAND CONCOURSE","0","408","F2",,"BBBBBBB","ALL","ALL","WHITE","0","0","-","0",,,,,
"1488993944","W41REL","NJ","PAS","01/10/2022","98","SDN","NISSA","P","8520","60720","46020","0","45","45","45","969092","0045","0000","0254P",,"BX","F","3267","AMPERE AVE",,"0","408","D4",,"BBBBBBB","ALL","ALL","RED","0","0","-","0",,,,,
"1488993956","KTP2342","NY","PAS","01/10/2022","98","P-U","FORD","P","42520","61620","16420","20231123","45","45","45","989092","0045","0000","0307P",,"BX","F","1742","JARVIS AVE",,"0","408","F2",,"BBBBBBB","ALL","ALL","WH","0","2021","-","0",,,,,
"1489015395","AF08895","CT","PAS","01/10/2022","20","SUBN","CHEVR","P","0","40404","40404","20180705","41","41","41","966949","0041","0000","0541P",,"BX","F","703","COSTER AVE",,"0","408","F2",,"BBBBBBB","ALL","ALL","GRAY","0","2002","-","0",,,,,
"1490318677","S1380441","GA","PAS","01/10/2022","67","SDN","ME/BE","P","37210","21190","22590","20230119","33","33","33","959087","0033","0000","0832P",,"NY","F","735","W 172 ST",,"0","408","J2",,"BBBBBBB","ALL","ALL","WHT","0","2022","-","0",,,,,
"1490373240","490465T","NJ","PAS","01/10/2022","74",,"PORSC","P","35050","21045","0","0","20","20","20","972685","0020","0000","0059A",,"NY",,,"W 64","FREEDOM PL","0","408","E2",,"BBBBBBB","ALL","ALL","WHITE","0","0","-","0",,,,,
"1490868290","BB29729","CT","PAS","01/10/2022","98","SUBN","SUBAR","P","83930","52130","94730","20250117","83","83","83","953831","0083","0000","0110P",,,"F","348","SUYDAM ST",,"0","408","E5",,"BBBBBBB","ALL","ALL","BLK","0","2016","-","0",,,,,
"1485792083","BLANKPLATE","99","999","01/10/2022","99","SUBN","BMW","P","47150","43514","34600","0","122","122","122","952122","0122","0000","1022A",,"R","O","77","SEAVIEW AVE",,"0","408","K6",,"BBBBBBB","ALL","ALL","GY","0","2010","-","0",,,,,
"1471902808","LVF1695","PA","PAS","01/11/2022","48","SDN","ACURA","P","31530","51330","63985","0","88","88","88","935600","0088","0000","0958A",,,"F","80","DEKALB AVE",,"0","408","E9",,"BBBBBBB","ALL","ALL","BK","0","2022","-","0",,,,,
"1487350466","KTD3622","NY","PAS","01/11/2022","46","SDN","CHRYS","P","42820","35020","19920","20240111","44","44","44","964472","0044","0000","0054A",,,"F","1308","JEROME AVE",,"0","408","F1",,"BBBBBBB","ALL","ALL","BLK","0","2014","-","0",,,,,
"1471902778","26513JY","NY","COM","01/11/2022","48",,"MITSU","P","54130","42730","79030","20221031","88","88","88","935602","0088","0000","1235P",,"K","F","63","LAFAYETTE AVE",,"0","408","F4",,"BBBBBBB","ALL","ALL","WH","0","2008","-","0",,,,,
"1471902780","032381NA","NY","COM","01/11/2022","48",,"ISUZU","P","31530","80030","41630","20220331","88","88","88","935602","0088","0000","1208A",,"K","O","121","DEKALB AVE",,"0","408","E9",,"BBBBBBB","ALL","ALL","WH","0","2020","-","0",,,,,
"1471902791","88487MG","NY","COM","01/11/2022","48","DELV","FRUEH","P","31530","80030","41630","20220731","88","88","88","935602","0088","0000","1127A",,"K","O","121","DEKALB AVE",,"0","408","E9",,"BBBBBBB","ALL","ALL","WH","0","2007","-","0",,,,,
"1477619434","HTB9445","NY","PAS","01/11/2022","40","SUBN","NISSA","F","17210","12110","12210","20230618","9","9","5","921832","E005","0000","1217P",,"NY","F","517","E 11TH ST",,"0","408","C4",,"BBBBBBB","ALL","ALL","BLUE","0","2017","-","0",,,,,
"1485666820","JAJ8625","NY","PAS","01/11/2022","17","SDN","HONDA","O","16790","21690","22040","20220708","102","102","0","0","0QSC","0000","1230P",,"Q","F","126-01","82ND AVE",,"0","408","C4",,"YYYYYBB","0700A","0700P","WH","0","2018","-","0",,,,,
"1466170517","JKW2850","NY","PAS","01/11/2022","19","SDN","HONDA","O","59990","16840","16940","20230717","102","102","0","0","0QNS","0000","1053A",,,"F","125-01","QNS BLVD",,"0","408","F1",,"BBBBBBB","ALL","ALL","BLK","0","2019","-","0",,,,,
"1486171473","LWN8745","PA","PAS","01/11/2022","40","VAN","HONDA","P","27890","19690","19740","0","110","110","110","972780","0110","0000","1003P",,"Q","F","103-11","ALSTYNE AVE",,"0","408","E2",,"BBBBBBB","ALL","ALL",,"0","0","-","0",,,,,
"1487169486","KYM3509","NY","PAS","01/11/2022","98","SDN","ACURA","P","24140","14890","15140","20241013","107","107","107","960557","0107","0000","1000A",,"Q","F","71-45","162 STREET",,"0","408","F2",,"BBBBBBB","ALL","ALL",,"0","0","-","0",,,,,
"1485288344","HME5507","NY","PAS","01/11/2022","14","SDN","CHEVR","P","73480","77740","44430","20221108","69","69","69","966410","0069","0000","1213P","1208P","K","F","1425","ROCKAWAY PARKWAY",,"0","408","F2",,"BBBBBBB","ALL","ALL","BLK","0","2018","-","0",,,,,
"1485767416","M34NM","NY","PAS","01/11/2022","19","SDN","BMW","P","53000","38440","15155","20240922","120","120","120","951056","0120","0000","0405P",,"R","O","1428","VICTORY BLVD",,"0","408","F2",,"BBBBBBB","ALL","ALL","BLUE","0","2020","-","0",,,,,
"1488931525","MCH7629","PA","PAS","01/11/2022","98","SDN","HONDA","P","67890","35780","18290","20231130","105","105","103","938924","0103","0000","0228A",,,"F","90-27","WINCHESTER BLVD",,"0","408","E2",,"BBBBBBB","ALL","ALL","GY","0","2012","-","0",,,,,
"1489898049","M0447HY","TN","PAS","01/11/2022","6","TRAC","FRUEH","P","0","40404","40404","0","109","109","109","959549","0109","0000","0911P",,"Q","F","17-10","WHITE STONE EXPRESSW",,"0","408","F2",,"BBBBBBB","ALL","ALL","WHI","0","0","-","0",,,,,
"1489977843","JJM5106","NY","PAS","01/11/2022","40","SDN","NISSA","P","0","40404","40404","20230622","104","104","104","973922","0104","0000","0135A",,"Q","F","22-11","GREENE ST",,"0","408","E2",,"BBBBBBB","ALL","ALL","SLV","0","2016","-","0",,,,,
"1489070217","KEE7654","NY","PAS","01/11/2022","41","SUBN","TOYOT","P","23920","27840","27900","20240802","52","52","52","962370","0052","0000","1045P",,"BX","F","3277","DECATUR AVE",,"0","408","E3",,"BBBBBBB","ALL","ALL","RED","0","2020","-","0",,,,,
"1463803291","KBU8977","NY","PAS","01/11/2022","20","SDN","ME/BE","Y","26630","36530","36580","20250108","71","71","976","101269","0976","0000","0236P",,"K","F","541","CLARKSON AVE",,"0","408","D",,"BBBBBBB","ALL","ALL","SILVE","0","2005","-","0",,,,,
"1488927601","55853NC","NY","COM","01/11/2022","78","VAN","DODGE","P","0","0","0","0","105","105","103","956722","0103","0000","1019P",,"Q",,,"W/O 159 ST","SOUTH RD","0","408","K6",,"BBBBBBB","0900P","0500A","WH","0","2022","-","0",,,,,
"1489412827","KRU6209","99","PAS","01/11/2022","98","SDN","TOYOT","P","14380","90930","90880","0","62","62","62","969086","0062","0000","0830A",,"K","F","157","AVE P",,"0","408","E2",,"BBBBBBB","ALL","ALL","SL","0","0","-","0",,,,,
"1489848368","EXN9757","NY","PAS","01/11/2022","98",,"JEEP","P","7190","6590","42490","20240329","114","114","114","971400","0114","0000","1256A",,"Q","F","21-39","24 ST",,"0","408","F2",,"BBBBBBB","ALL","ALL","GREY","0","0","-","0",,,,,
"1489980581","95375MA","NY","COM","01/11/2022","78","VAN","FRUEH","P","0","0","0","20241231","104","104","104","962537","0104","0000","0913P",,"Q",,,"N/E C/O BROWN PL","I/O CALDWELL AVE","0","408","K6",,"BBBBBBB","0900P","0500A","WH","0","2014","-","0",,,,,
"1489980611","77101X1","TX","PAS","01/11/2022","98","SDN","TOYOT","P","28390","11390","11290","0","104","104","104","962537","0104","0000","0610P",,"Q","F","54-24","ARNOLD AVE",,"0","408","K6",,"BBBBBBB","ALL","ALL","GY","0","2008","-","0",,,,,
"1489990380","0124P76","TX","PAS","01/11/2022","40","SDN","CHRYS","P","20190","10290","10440","20230216","110","110","110","972780","0110","0000","0700P",,"Q","F","46-04","108 ST",,"0","408","F2",,"BBBBBBB","ALL","ALL","GREEN","0","2005","-","0",,,,,
"1490774142","BB41923","NY","TRL","01/11/2022","66",,,"P","22670","40404","40404","0","105","105","105","954716","0105","0000","1000P",,"Q","F","240-20","140 AVE",,"0","408","99",,"BBBBBBB","ALL","ALL","BL","0","0","-","0",,,,,
"1487455574","XMZ1513","NY","PAS","01/11/2022","98","SDN","BMW","P","38920","45290","33230","20240708","122","122","122","973652","0122","0000","0315P","1510P","R","F","72","MEADOW AVE",,"20,220,111","408","E2",,"BBBBBBB","ALL","ALL",,"0","0","-","0",,,,,
"1489581534","2FB7763","MD","PAS","01/11/2022","17","SDN","FORD","O","42730","27530","53630","0","84","84","0","0","0KSC","0000","1136A",,"K","F","300","CADMAN PLAZA WEST",,"0","408","C4",,"YYYYYBB","0700A","0700P","GRY","0","0","-","0",,,,,
"1489752810","SGU8819","TX","PAS","01/11/2022","98","SUBN","TOYOT","P","30430","81050","94630","0","75","75","75","939079","0075","0000","0315P",,,"F","909","CRESCENT ST",,"0","408","F2",,"BBBBBBB","ALL","ALL","BLK","0","0","-","0",,,,,
"1466170529","BLANKPLATE","99","999","01/12/2022","19","SDN","LEXUS","O","59990","16840","16940","0","102","102","0","0","0QSC","0000","1017A",,"Q",,"125-01","QUEENS BLVD",,"0","408","C3",,"BBBBBBB","ALL","ALL",,"0","0","-","0",,,,,
"1466170530","JKW2850","NY","PAS","01/12/2022","17","SDN","HONDA","O","59990","16840","16940","20230717","102","102","0","0","0QSC","0000","1030A",,"Q","F","125-01","QUEENS BLVD",,"0","408","C3",,"BBBBBBB","ALL","ALL",,"0","0","-","0",,,,,
"1485288599","JPJ1880","NY","PAS","01/12/2022","98","SUBN","BMW","P","41730","37880","37930","20240130","69","69","69","951780","0069","0000","0915P","0915P","K","F","9236","FOSTER AVE",,"0","408","F2",,"BBBBBBB","ALL","ALL",,"0","0","-","0",,,,,
"1487599316","KWF1088","NY","PAS","01/12/2022","98","SDN","TOYOT","P","10790","18240","18390","20240524","110","110","110","967558","0110","0000","0940A",,"Q","F","90-02","50 AVE",,"0","408","F2",,"BBBBBBB","ALL","ALL","RED","0","2012","-","0",,,,,
"1489604686","GKL9423","NY","PAS","01/12/2022","41","SDN","HYUND","O","50190","0","0","20230926","102","102","0","0","0QSC","0000","1032A",,"Q","F",,"HOOVER AVENUE","COURTHOUSE","0","408","C4",,"YYYYBYY","0700P","0700P","RED","0","2013","-","0",,,,,
"1489847431","JAG5738","NY","PAS","01/12/2022","51","SUBN","DODGE","P","7240","10640","10740","20240606","114","114","114","952935","0114","0000","0235A",,"Q","F","48-02","25 AVE",,"0","408","F1",,"BBBBBBB","ALL","ALL","BLK","0","2021","-","0",,,,,
"1488955190","KYP7858","NY","PAS","01/12/2022","98","SDN","HONDA","P","20190","19340","19590","20240822","102","102","102","972155","0102","0000","0640P",,"Q","F","101-05","108 STREET",,"0","408","D1",,"BBBBBBB","ALL","ALL",,"0","0","-","0",,,,,
"1489875165","KNY4080","NY","PAS","01/12/2022","46","VAN","TOYOT","P","10640","57790","8790","20230727","114","114","114","969150","0114","0000","1044A","1040A","Q","F","34-51","48 ST",,"0","408","D1",,"BBBBBBB","ALL","ALL","GOLD","0","0","-","0",,,,,
"1489276877","JNK4632","NY","PAS","01/12/2022","98","SUBN","TOYOT","P","10590","14190","14690","20240109","108","108","108","967221","0108","0000","0915A",,"Q",,"67-29","48 AVE",,"0","408","E2",,"BBBBBBB","ALL","ALL",,"0","0","-","0",,,,,
"1489361364","KXB4293","NY","PAS","01/12/2022","46","SUBN","MAZDA","P","35690","9140","9340","20221031","111","111","111","975025","0111","0000","0727P","0727P",,,"39-25","BELL BLVD",,"20,220,112","408","F1",,"BBBBBBB","ALL","ALL","GRY","0","0","-","0",,,,,
"1490522580","HEF1499","NY","PAS","01/12/2022","14","SDN","NISSA","P","15920","46320","8120","20240313","40","40","40","942436","0040","0000","0809A",,"BX","F","20","BRUCKNER BLVD",,"0","408","C",,"YYYYYBB","0700A","0700P","BK","0","2014","-","0",,,,,
"1490522608","KEF1242","NY","PAS","01/12/2022","14","SUBN","ROVER","P","15920","46320","8120","20220928","40","40","40","942436","0040","0000","0831A",,"BX","F","20","BRUCKNER BLVD",,"0","408","C",,"YYYYYBB","0700A","0700P","BK","0","2020","-","0",,,,,
"1490522621","KGS8919","NY","PAS","01/12/2022","14","SDN","PORSC","P","15920","46320","8120","20230416","40","40","40","942436","0040","0000","0840A",,"BX","F","20","BRUCKNER BLVD",,"0","408","C",,"YYYYYBB","0700A","0700P","BK","0","2018","-","0",,,,,
"1490522645","KOP3007","NY","PAS","01/12/2022","14","SDN","ME/BE","P","15920","46320","8120","20240805","40","40","40","942436","0040","0000","0849A",,"BX","F","20","BRUCKNER BLVD",,"0","408","C",,"YYYYYBB","0700A","0700P","WH","0","2022","-","0",,,,,
"1490431937","KYR5554","NY","PAS","01/12/2022","14","SDN","NISSA","P","44","40404","40404","20240615","40","40","40","969330","0040","0000","1056A","1050A","BX","F","228","EXTERIOR ST",,"0","408","F7",,"BBBBBBB","ALL","ALL","GRY","0","2017","-","0",,,,,
"1486946306","Z20KBR","NJ","PAS","01/12/2022","40","SDN","ME/BE","P","0","40404","40404","20230620","94","94","94","965255","0094","0000","0822P",,"K","F","7","BELL SLIP",,"0","408","F2",,"BBBBBBB","ALL","ALL","RED","0","2015","-","0",,,,,
"1473535025","FG777K","NY","PAS","01/12/2022","46","SDN","ACURA","P","64620","26670","26700","20240414","44","44","163","948215","0163","0000","1028P",,"BX","O","1231","SHERIDAN AVE",,"0","408","E2",,"BBBBBBB","ALL","ALL","GRAY","0","2019","-","0",,,,,
"1490522591","KTR7893","NY","PAS","01/12/2022","14","SUBN","CHEVR","P","15920","46320","8120","20240131","40","40","40","942436","0040","0000","0826A",,"BX","F","20","BRUCKNER BLVD",,"0","408","C",,"YYYYYBB","0700A","0700P","WH","0","2022","-","0",,,,,
"1490522610","HKV4733","NY","PAS","01/12/2022","14","SUBN","LINCO","P","0","40404","40404","20240904","40","40","40","942436","0040","0000","0835A",,"BX","F","20","BRUCKNRE BLVD",,"0","408","C",,"YYYBBBB","0700P","0700P","BK","0","2011","-","0",,,,,
"1490522633","F83RJU","NJ","PAS","01/12/2022","14","SUBN","HONDA","P","15920","46320","8120","20231001","40","40","40","942436","0040","0000","0844A",,"BX","F","20","BRUCKNER BLVD",,"0","408","C",,"YYYYYBB","0700A","0700P","WH","0","2001","-","0",,,,,
"1490241310","GMB7065","NY","PAS","01/12/2022","98","SUBN","HONDA","P","53790","20090","20090","20231124","106","106","106","960187","0106","0000","0123A",,"Q","F","106-19","LIBERTY AVE",,"0","408","F2",,"BBBBBBB","ALL","ALL","GY","0","2021","-","0",,,,,
"1490241346","46958MJ","NY","COM","01/12/2022","78","DELV","INTER","P","27590","60080","23170","20190630","106","106","106","960187","0106","0000","0910P",,,"F","90-21","ALBERT RD",,"0","408","F2",,"BBBBBBB","ALL","ALL","WH","0","0","-","0",,,,,
"1490494406","AW75642","CT","PAS","01/12/2022","14","SUBN","HONDA","P","77150","28200","28230","0","47","47","47","974628","0047","0000","0157P","0157P","BX","F","3821","WHITE PLAINS RD",,"0","408","E2",,"BBBBBBB","ALL","ALL","BLK","0","2010","-","0",,,,,
"1490787434","CM9833","NY","PAS","01/12/2022","19","SDN",,"P","26630","38030","38080","20241101","67","67","67","975159","0067","0000","0226P",,,"F","1121","CLARKSON",,"0","408","F2",,"BBBBBBB","ALL","ALL",,"0","0","-","0",,,,,
"1490795595","KLT6111","NY","PAS","01/12/2022","40",,"HONDA","P","0","0","0","20240205",,"0","0","975271","0000","0000","0204P",,,,,,,"0","408","C",,"BBBBBBB","ALL","ALL",,"0","0","-","0",,,,,
"1487749594","RDX3123","NC","PAS","01/12/2022","53","SUBN","ME/BE","P","43370","18950","34760","20230515","75","75","75","955419","0075","0000","1050P",,"K","F","590","GATEWAY DRIVE",,"0","408","E2",,"BBBBBBB","ALL","ALL","BLK","0","0","-","0",,,,,
"1485666685","JKJ4841","NY","PAS","01/13/2022","19","SUBN","ME/BE","O","59990","16840","16940","20230628","102","102","0","0","0QSC","0000","1050A",,"Q","F","125-01","QUEENS BLVD",,"0","408","C4",,"BBBBBBB","ALL","ALL","BLK","0","2020","-","0",,,,,
"1485666697","JKW2850","NY","PAS","01/13/2022","19","SDN","HONDA","O","59990","16840","16940","20230717","102","102","0","0","0QSC","0000","1140A",,"Q","F","125-01","QUEENS BLVD",,"0","408","C3",,"BBBBBBB","ALL","ALL","BLK","0","2019","-","0",,,,,
"1485666703","JKW2850","NY","PAS","01/13/2022","71","SDN","HONDA","O","59990","16840","16940","20230717","102","102","0","0","0QSC","0000","0210P",,"Q","F","125-01","QUEENS BLVD",,"0","408","C3",,"BBBBBBB","ALL","ALL","BLK","0","2019","-","0",,,,,
"1486037926","KSJ2139","NY","PAS","01/13/2022","19","SDN","BMW","8","50770","70520","12550","20230923","43","43","0","59","0000","0000","1117A",,"BX","O","5","METROPOLITAN OVAL",,"0","408","E2",,"BBBBBBB","ALL","ALL","BLACK","0","2005","-","0",,,,,
"1489865524","KVC7618","PA","PAS","01/13/2022","40","SDN","NISSA","P","0","40404","40404","20240620","114","114","114","952935","0114","0000","0216A",,"Q","F","28-08","STEINWAY",,"0","408","F2",,"BBBBBBB","ALL","ALL","WH","0","0","-","0",,,,,
"1489865536","KYG7838","NY","PAS","01/13/2022","19","SDN","HYUND","P","0","40404","40404","20241025","114","114","114","952935","0114","0000","0216A",,,"F","28-02","STEINWAY",,"0","408","E2",,"BBBBBBB","ALL","ALL","BL","0","2018","-","0",,,,,
"1488993968","HD9283E","NC","PAS","01/13/2022","98","SDN","FORD","P","41550","51020","63010","20231031","45","45","45","969092","0045","0000","0920A",,"BX","F","379","HUNTINGTON AVE",,"0","408","K6",,"BBBBBBB","ALL","ALL","GRAY","0","0","-","0",,,,,
"1489002315","KZB4821","NY","PAS","01/13/2022","14","SDN","NISSA","P","57720","29820","12550","20221213","49","49","49","969300","0049","0000","1212P",,"BX","F","1500","PELHAM PKWAY S",,"0","408","E2",,"YYYYYBB","0700A","0400P","GREY","0","2020","-","0",,,,,
"1489005821","KRL4360","NY","PAS","01/13/2022","50","SDN","NISSA","P","49190","33890","0","20240109","50","50","50","967311","0050","0000","0129A",,"BX","F",,"MARBLE HILL AVE","FORT CHARLES PL","0","408","F2",,"BBBBBBB","ALL","ALL","GRY","0","2013","-","0",,,,,
"1489201671","KYZ6674","NY","PAS","01/13/2022","46","SDN","MITSU","P","65320","8020","76950","20241102","41","41","41","973938","0041","0000","0337P",,,"F","1031","SOUTHERN BLVD",,"0","408","E2",,"BBBBBBB","ALL","ALL","RED","0","2014","-","0",,,,,
"1488583341","KYC8993","NY","PAS","01/13/2022","40","VAN","HONDA","P","6180","10230","10280","20240920","68","68","68","971814","0068","0000","0830A",,"K","F","7324","11 AVE",,"0","408","F1",,"BBBBBBB","ALL","ALL","WH","0","2023","-","4",,,,,
"1490651184","KTY1716","NY","PAS","01/13/2022","40","SDN","CHEVR","P","19040","10790","10890","20231123","110","110","110","973318","0110","0000","0444P",,"Q","F","50-32","97 STREET",,"0","408","F2",,"BBBBBBB","ALL","ALL","RED","0","2008","-","0",,,,,
"1474816083","NYTGH","NY","PAS","01/13/2022","14","SUBN","HONDA","P","19210","25390","27790","20230831","23","23","801","972987","0801","0000","0230A","1230A","NY","F","65","EAST 112 STREET",,"0","408","C",,"BBBBBBB","ALL","ALL","GRY","0","2021","-","0",,,,,
"1489930760","DF72512","IL","PAS","01/13/2022","98","SDN","NISSA","P","12440","23040","23140","0","109","109","109","932677","0109","0000","1115P",,"Q","F","146-26","60 AVE",,"0","408","E2",,"BBBBBBB","ALL","ALL","GY","0","2005","-","0",,,,,
"1487244680","PAFG70","FL","PAS","01/13/2022","98",,,"P","21320","60520","65520","20230417","41","41","41","972460","0041","0000","1119P",,"BX",,"627","COSTER ST",,"0","408","F1",,"BBBBBBB","ALL","ALL","BLUE","0","0","-","0",,,,,
"1489794918","GXG2639","NY","PAS","01/13/2022","21","VAN","FORD","P","80330","12130","86030","20230305","77","77","77","970562","0077","0000","1154A",,"K","F","1250","ST JOHN PLACE",,"0","408","F2",,"BBBBBBB","ALL","ALL","WHITE","0","2007","-","0",,,,,
"1489794920","GXG2639","NY","PAS","01/13/2022","83","VAN","FORD","P","0","40404","40404","20230305","22","22","77","970562","0077","0000","1154A",,"K","F","1250","ST JOHNS PLACE",,"0","408","D1",,"BBBBBBB","ALL","ALL","W","0","2023","-","0",,,,,
"1488304105","JJS9274","NY","PAS","01/13/2022","40","SDN","HONDA","P","25090","0","0","20240909","7","7","7","960172","0007","0000","1055P",,"NY","F",,"LUDLOW","BROOME N/E/C","0","408","D",,"BBBBBBB","ALL","ALL","BLK","0","2014","-","0",,,,,
"1488304117","R18PVK","NJ","PAS","01/13/2022","40","SUBN","CHEVR","P","13810","25090","27590","0","7","7","2","960172","0002","0000","1055P",,"NY","F","243","BROOME ST",,"0","408","E2",,"BBBBBBB","ALL","ALL",,"0","0","-","3",,,,,
"1474237400","U69PFX","NJ","PAS","01/13/2022","21","SDN","BMW","P","35030","16400","44990","0","20","20","20","948836","0020","0000","0852A",,"NY","F","235","W 63 ST",,"0","408","C4",,"BBBBBBB","ALL","ALL","BLK","0","2014","-","0",,,,,
"1427655509","88264MN","NY","COM","01/13/2022","78","VAN",,"P","14230","74450","41030","0","63","63","63","955938","0063","0000","0947P",,"K","F","3845","AVE M",,"0","408","E3",,"BBBBBBB","ALL","ALL","GREY","0","0","-","0",,,,,
"1490551580","66336NC","PA","PAS","01/13/2022","40",,"MITSU","P","35480","14380","0","20240331","70","70","70","963661","0070","0000","0523P",,"K",,,"E 15 ST","AVE P","0","408","F7",,"BBBBBBB","ALL","ALL","WHITE","0","2012","-","0",,,,,
"1490885195","AG66023","AZ","PAS","01/13/2022","78","VAN","FORD","P","49530","47430","23230","0","90","90","90","968946","0090","0000","1112P",,"K","O","276","HEYWARD ST",,"0","408","K6",,"BBBBBBB","ALL","ALL","WHITE","0","0","-","0",,,,,
"1490939532","JMS7604","NY","PAS","01/13/2022","40","SDN","DODGE","P","43820","29320","27960","0","52","52","52","969287","0052","0000","0720P","0120P","BX",,"3508","KINGS COLLEGE PL",,"0","408","F1",,"BBBBBBB","ALL","ALL","WHT","0","2016","-","0",,,,,
"1490939751","HKF4073","NY","PAS","01/13/2022","40","VAN","FORD","P","23920","27840","27900","20241016","52","52","52","969650","0052","0000","0342A",,"BX","F","3277","DECATUR AVE",,"0","408","E2",,"BBBBBBB","ALL","ALL","WHITE","0","2015","-","0",,,,,
"1490939921","T640341C","NY","OMT","01/13/2022","51","SUBN","TOYOT","P","23920","27900","29320","20231231","52","52","52","969650","0052","0000","0319A",,"BX","F","3315","DECATUR AVE",,"0","408","C",,"BBBBBBB","ALL","ALL","SILVE","0","2014","-","0",,,,,
"1490241474","FYL5410","NY","PAS","01/13/2022","40","P-U","CHEVR","P","20090","64890","41700","20240506","106","106","106","960187","0106","0000","0945P",,"Q","F","132-19","107 ST",,"0","408","F2",,"BBBBBBB","ALL","ALL","RED","0","2017","-","0",,,,,
"1491091710","TK2020JW","IN","PAS","01/13/2022","19","DELV","FRUEH","P","15710","35130","35150","0","20","20","20","972527","0020","0000","1039A",,"NY","F","190","COLUMBUS AVE",,"0","408","C",,"BBBBBBB","ALL","ALL",,"0","0","-","0",,,,,
"1490128220","T802872C","NY","PAS","01/13/2022","14","SDN","CHEVR","P","39430","27580","64830","20230331","71","71","71","973180","0071","0000","1029A",,"K","F","400","EMPIRE BLVD",,"0","408","C",,"BBBBBBB","ALL","ALL","GY","0","2022","-","0",,,,,
"1487447401","HRD6488","NY","PAS","01/13/2022","19","SUBN","HONDA","P","10050","40100","31840","20230424","121","121","121","931533","0121","0000","0915P",,"R","F","199","PORT RICHMOND AVE",,"0","408","C",,"BBBBBBB","ALL","ALL",,"0","2008","-","0",,,,,
"1441874471","KYM7468","99","PAS","01/13/2022","19","SUBN","ME/BE","R","6940","35780","26390","20240915","109","109","0","0","ON12","0000","0544A",,"Q","O","210-15","23 AVE",,"0","408","C3",,"BBBBBBB","ALL","ALL","SILVE","0","2015","-","0",,,,,
"1473930583","T656765C","NY","OMT","01/13/2022","46","O","TOYOT","P","68020","26610","33620","20221130","42","42","42","967365","0042","0000",,,,,,,,"0","0",,,,,,,,"0",,"0",,,,,
"1473930595","JGL3794","NY","PAS","01/13/2022","46","SDN","ME/BE","P","68020","26610","33620","20230501","42","42","42","967365","0042","0000","0641P","1840",,"F","3361","3 AVE",,"0","408","F1",,"BBBBBBB","ALL","ALL","GRY","0","2006","-","0",,,,,
"1472421887","1Z841AF","NY","APP","01/13/2022","74","DELV","FRUEH","P","66390","5640","5540","0","114","114","114","937324","0114","0000","0850A",,"Q","F","32-50","VERNON BLVD",,"0","408","E9",,"BBBBBBB","ALL","ALL","RED","0","2014","-","0",,,,,
"1472421899","12841PF","NY","APP","01/13/2022","48","DELV","FRUEH","P","66390","5640","5540","0","114","114","114","937324","0114","0000","0850A",,"Q","F","32-50","VERNON BLVD",,"0","408","J2",,"BBBBBBB","ALL","ALL","RED","0","2014","-","0",,,,,
"1486779130","FGZ2044","NY","PAS","01/14/2022","51","SUBN","TOYOT","Y","0","0","0","20230131","13","13","2","101874","0002","0000","0938A",,"NY","F",,"N/S EAST 28TH ST","EAST 1ST AVE","0","408","C",,"BBBBBBB","ALL","ALL","WHTE","0","2019","-","0",,,,,
"1487062461","LYE4968","PA","PAS","01/14/2022","14","SUBN","BMW","P","40230","37280","0","0","63","63","63","973650","0063","0000","1027P",,"K",,,"FARRAGUT RD","E 56","0","408","E2",,"BBBBBBB","ALL","ALL","BLUE","0","2017","-","0",,,,,
"1487068864","KHE5917","NY","PAS","01/14/2022","98","SDN","ME/BE","P","37080","44430","13980","20241124","63","63","63","963869","0063","0000","1012A",,"K","F","1066","E 52",,"0","408","F1",,"BBBBBBB","ALL","ALL","BLACK","0","2021","-","0",,,,,
"1487262292","KSJ4510","NY","PAS","01/14/2022","40","SUBN","HONDA","P","26790","73120","68020","20230929","42","42","42","967433","0042","0000","0119A",,"BX","F","523","EAST 171 STREET",,"0","408","F2",,"BBBBBBB","ALL","ALL",,"0","0","-","0",,,,,
"1427653628","KVP6641","NY","OMT","01/14/2022","51","SDN","ME/BE","P","0","0","0","20240920","63","63","63","970132","0063","0000","0912A",,"K","F","4715",,,"0","408","K6",,"BBBBBBB","ALL","ALL","WH","0","2017","-","0",,,,,
"1489838478","KSP9030","NY","PAS","01/14/2022","98","SDN","ME/BE","P","7990","16290","16490","20240126","115","115","115","964347","0115","0000","0900P",,"Q","F","78-10","31 AVE",,"0","408","F2",,"BBBBBBB","ALL","ALL","BLK","0","2008","-","0",,,,,
"1489893374","KZD2604","NY","PAS","01/14/2022","40","SDN","AUDI","P","6440","23190","23290","20221213","109","109","109","925357","0109","0000","0908A",,"Q","F","149-37","20 AVE",,"0","408","E2",,"BBBBBBB","ALL","ALL","WH","0","2017","-","0",,,,,
"1488571156","KFV5851","NY","COM","01/14/2022","14","VAN","FORD","P","35490","14510","15710","20220826","24","24","24","964358","0024","0000","1022A",,"NY","F","15","WEST 86 ST",,"0","408","E2",,"BBBBBBB","ALL","ALL","WHITE","0","0","-","0",,,,,
"1490191550","JCS6180","NC","PAS","01/14/2022","98","SDN","MAZDA","P","9780","6680","6780","0","62","62","164","974589","0164","0000","0853P",,"K","F","1611","64 ST",,"0","408","K4",,"BBBBBBB","ALL","ALL","BLK","0","0","-","0",,,,,
"1489201683","17148JG","TX","PAS","01/14/2022","46","SUBN","HONDA","P","65320","26550","8020","20230219","41","41","41","973938","0041","0000","0310P",,"BX","F","980","SOUTHERN BLVD",,"0","408","F1",,"BBBBBBB","ALL","ALL","GRAY","0","2002","-","0",,,,,
"1486355766","BNN8282","NY","PAS","01/14/2022","40",,"MSD9","P","15010","23990","15510","20240612","7","7","7","970452","0007","0000","0510P",,,"F","309","CHERRY ST",,"0","408","D1",,"BBBBBBB","ALL","ALL",,"0","0","-","0",,,,,
"1489803543","JTPG11","FL","PAS","01/14/2022","31","SDN","HONDA","P","94730","56330","43330","20231115","83","83","83","972730","0083","0000","0536P",,"K","F","311","WYCKOFF AVE",,"0","408","J3",,"BBBBBBB","ALL","ALL","GRY","0","0","-","0",,,,,
"1488571168","A53MNY","NJ","PAS","01/14/2022","14","SUBN","TOYOT","P","35490","14510","15710","0","24","24","24","964358","0024","0000","1024A",,"NY","F","15","WEST 86 ST",,"0","408","C",,"BBBBBBB","ALL","ALL","BLACK","0","0","-","0",,,,,
"1490833201","T28NCT","NJ","PAS","01/14/2022","40","SDN","BMW","P","91680","32600","83630","0","60","60","60","974459","0060","0000","0511P","0511P","K","F","2970","W 27TH ST",,"0","408","C",,"BBBBBBB","ALL","ALL","RED","0","0","-","0",,,,,
"1490885286","10633NC","99","COM","01/14/2022","78","VAN","ME/BE","P","62530","55430","58330","20231221","90","90","90","968946","0090","0000","0021A",,"K",,"29","MOORE ST",,"0","408","J3",,"BBBBBBB","ALL","ALL","WHT","0","0","-","0",,,,,
"1489987915","85275A1","TX","PAS","01/14/2022","40","SDN","HONDA","P","18890","10890","39010","0","110","110","110","972820","0110","0000","0125P",,"Q","F","50-48","96 ST",,"0","408","F2",,"BBBBBBB","ALL","ALL","BLK","0","2013","-","0",,,,,
"1490240895","DASFAM","NY","PAS","01/14/2022","98","SUBN","NISSA","P","21840","64890","22090","20231112","106","106","106","960187","0106","0000","1032P",,"Q","F","130-40","129 ST",,"0","408","F7",,"BBBBBBB","ALL","ALL","BLUE","0","2016","-","0",,,,,
"1490241437","52747MH","NY","COM","01/14/2022","78","VAN","ME/BE","P","21880","22190","22220","20240731","106","106","106","960187","0106","0000","1041P",,"Q","F","135-19","130 PL",,"0","408","F2",,"BBBBBBB","ALL","ALL","WH","0","2016","-","0",,,,,
"1490499891","67BHCI","FL","PAS","01/14/2022","40","SDN","NISSA","P","28710","43650","43320","0","47","47","47","971298","0047","0000","0240A",,"BX","F","241","EAST 236 ST",,"0","408","99",,"BBBBBBB","ALL","ALL","WHITE","0","0","-","0",,,,,
"1485808248","KDU1091","NY","PAS","01/14/2022","46","SDN","NISSA","P","34940","26690","25908","20240821","122","122","122","965612","0122","0000","0240A",,"R","F","135","KELVIN AVE",,"0","408","D",,"BBBBBBB","ALL","ALL","BLK","0","2019","-","0",,,,,
"1488535190","JED8213","NY","PAS","01/14/2022","46","SDN","CHRYS","P","36270","24690","10610","20230313","28","28","28","972508","0028","0000","0112P",,,"F","100","W 125 ST",,"0","408","C3",,"BBBBBBB","ALL","ALL","BL","0","0","-","0",,,,,
"1472630658","LJG9218","PA","PAS","01/14/2022","98","SDN",,"P","35830","53210","88830","0","61","61","61","964297","0061","0000","0832A",,"K","F","2691","E 23 ST",,"0","408","E2",,"BBBBBBB","ALL","ALL",,"0","0","-","0",,,,,
"1487394767","FWL8853","NY","PAS","01/15/2022","14","SDN","HONDA","P","24120","37110","37130","20240123","33","33","33","967362","0033","0000","0819A",,"NY","F","21","JUMEL PL",,"0","408","F1",,"BBBBBBB","ALL","ALL","GRAY","0","2007","-","0",,,,,
"1487474118","KSP3885","NY","COM","01/15/2022","98","VAN","GMC","P","37500","40230","44430","20241008","69","69","69","973292","0069","0000","1050P",,"K","F","687","E 78 ST",,"0","408","F2",,"BBBBBBB","ALL","ALL","WHITE","0","2009","-","0",,,,,
"1487622107","JPJ9658","NY","PAS","01/15/2022","62","SDN","NISSA","P","40090","10290","18990","20240220","110","110","110","972996","0110","0000","0835P",,"Q","F","97-56","CORONA AVE",,"0","408","E2",,"BBBBBBB","ALL","ALL","GY","0","2017","-","0",,,,,
"1489414691","HWC1177","TX","PAS","01/15/2022","40","SUBN","CHEVR","P","7430","9630","9680","0","62","62","62","969360","0062","0000","0213P",,"K","F","6112","23 AVE",,"0","408","F2",,"BBBBBBB","ALL","ALL","GY","0","0","-","1",,,,,
"1489527590","KBG1281","NY","PAS","01/15/2022","40","SUBN","BMW","P","9630","5680","5780","20240920","72","72","72","968254","0072","0000","0515P",,"K","F","653","61 ST",,"0","408","C",,"BBBBBBB","ALL","ALL","WHITE","0","2023","-","0",,,,,
"1490019765","KGX8984","NY","PAS","01/15/2022","70","SUBN","HONDA","3","29605","25645","13113","20221112","19","19","977","803578","0977","0000","0829A",,"NY","F","10","RIVER RD",,"0","408","F2",,"BBBBBBB","ALL","ALL","GY","0","2020","-","0",,,,,
"1490236764","KYD9667","NY","PAS","01/15/2022","19","SDN","ME/BE","P","20890","60810","0","20240814","106","106","106","958179","0106","0000","0238A",,"Q","F",,"116 AVE","ROCKAWAY BLVD","0","408","F2",,"BBBBBBB","ALL","ALL","RED","0","2019","-","0",,,,,
"1489937444","KSZ5217","NY","PAS","01/15/2022","40","SDN","ME/BE","P","14090","38690","56490","20231109","104","104","104","969380","0104","0000","0200A",,"Q","F","71-31","67 PL",,"0","408","E2",,"BBBBBBB","ALL","ALL","GRY","0","2006","-","0",,,,,
"1491299162","KGE6518","NY","PAS","01/15/2022","98","SDN","NISSA","P","17380","6380","6480","20221021","68","68","68","971012","0068","0000","0539P",,,"F","1336","BAY RIDGE AVE",,"0","408","C3",,"BBBBBBB","ALL","ALL","WHT","0","2020","-","0",,,,,
"1488585684","67312MN","NY","COM","01/15/2022","78","P-U","FORD","P","10630","5780","0","20220917","68","68","68","968654","0068","0000","0133A",,"K","F",,"81 ST","7 AVE","0","408","F2",,"BBBBBBB","ALL","ALL","WHITE","0","2022","-","0",,,,,
"1489958848","90115MN","NY","COM","01/15/2022","78","VAN","NISSA","P","9090","6440","6490","20240228","114","114","114","942567","0114","0000","1259A",,"Q","F","2018","38 STREET",,"0","408","K6",,"BBBBBBB","ALL","ALL","WHITE","0","2018","-","0",,,,,
"1487608342","DDP6210","NY","PAS","01/15/2022","14",,"NISSA","P","16190","24225","0","20230322","104","104","104","970549","0104","0000","1036A",,,,,"78TH AVE","164 PL","0","408","E2",,"BBBBBBB","ALL","ALL","WH","0","2017","-","0",,,,,
"1473755049","S1393509","GA","PAS","01/15/2022","19","SDN","HONDA","P","29620","68020","51720","20230131","48","48","48","957513","0048","0000","0612A",,"BX","O","541","E TREMONT AVE",,"0","408","C3",,"BBBBBBB","ALL","ALL","WHT","0","2020","-","0",,,,,
"1488993970","KTG7933","NY","PAS","01/15/2022","40","SDN","CHEVR","P","49920","11625","77850","20240731","45","45","45","969092","0045","0000","0835A",,"BX","F","1947","MAYFLOWER AVE",,"0","408","M1",,"BBBBBBB","ALL","ALL","BLK","0","2022","-","0",,,,,
"1489759682","HEF4085","NY","PAS","01/15/2022","91","SUBN","BMW","P","47030","73190","70030","20240329","81","81","81","957054","0081","0000","1040A",,"K","F","710","HANCOCK ST",,"0","408","E2",,"BBBBBBB","ALL","ALL","BK","0","2019","-","0",,,,,
"1472872150","KXS8340","NY","PAS","01/16/2022","17","SDN","ME/BE","P","72630","5630","5730","20240530","78","78","78","956675","0078","0000","1254A",,"K","F","100","PROSPECT PK WEST",,"0","408","E2",,"BBBBBBB","ALL","ALL","WHITE","0","2022","-","0",,,,,
"1489466812","KZD6968","99","PAS","01/16/2022","40","SUBN","ROVER","P","36650","11710","13610","20221127","30","30","30","965754","0030","0000","0458A",,"NY","F","500","W 144 STREET",,"0","408","C3",,"BBBBBBB","ALL","ALL",,"0","0","-","0",,,,,
"1490813184","HEP8841","NY","PAS","01/16/2022","19","SUBN","NISSA","P","5880","9280","9330","20240114","66","66","66","975242","0066","0000","0634P","0630P","K","F","5423","8TH AVE",,"0","408","D",,"BBBBBBB","ALL","ALL","RED","0","2016","-","0",,,,,
"1488117470","GNV9179","NY","PAS","01/16/2022","98","SDN","HONDA","P","22640","40404","40404","20240323","107","107","103","969991","0103","0000","0900A",,,"O","137-21","139 ST",,"0","408","F1",,"BBBBBBB","ALL","ALL",,"0","0","-","0",,,,,
"1490198799","KCC2175","NY","PAS","01/16/2022","50","SUBN","LINCO","P","0","0","0","20230930","107","107","107","958846","0107","0000","0843P",,"Q",,,"I/O DANIEL ST","PERSHING CRESC","0","408","99",,"BBBBBBB","ALL","ALL","BLK","0","2021","-","0",,,,,
"1490844478","KHB9776","NY","PAS","01/16/2022","70","SDN","HONDA","P","0","40404","40404","20221217","73","73","73","947835","0073","0000","0219A",,,"F","37","NEW LOTTS",,"0","408","F2",,"BBBBBBB","ALL","ALL",,"0","0","-","0",,,,,
"1487872100","S1287068","GA","PAS","01/16/2022","40","SUBN","CHEVR","P","0","0","0","20221014","43","43","43","965476","0043","0000","0830A",,"BX","F",,"F/O 2125 ST RAYMOND",,"0","408","E2",,"BBBBBBB","ALL","ALL","GRY","0","2011","-","0",,,,,
"1463802160","KTD7236","NY","PAS","01/17/2022","20","SUBN","HYUND","Y","26630","64830","36480","20231121","71","71","976","101269","0976","0000","1130A",,"K","F","451","CLARKSON AVE",,"0","408","D",,"BBBBBBB","0700A","0700P","BLK","0","2022","-","0",,,,,
"1487343541","KZM3470","NY","PAS","01/17/2022","46","SUBN","DODGE","P","19920","42820","72720","20230117","44","44","44","971956","0044","0000","0155P","0155","BX","F","20","EAST CLARKE PLACE",,"0","408","F1",,"BBBBBBB","ALL","ALL","BLK","0","2017","-","0",,,,,
"1491131391","LDEA90","FL","PAS","01/17/2022","46","SUBN","KIA","P","37130","13610","21190","0","33","33","33","970107","0033","0000","0948A",,"NY","O","651","168 STREET",,"0","408","D",,"BBBBBBB","ALL","ALL",,"0","0","-","0",,,,,
"1487088942","FJM5996","NY","PAS","01/17/2022","14","SDN","DANLL","P","91880","60330","83630","20230215","60","60","60","113977","0060","0000","1030P","1030P","K","F","2929","WEST 31 STREET",,"0","408","F2",,"BBBBBBB","ALL","ALL","BL","0","0","-","0",,,,,
"1485990180","94DGQZ","FL","PAS","01/17/2022","14","SUBN","BMW","A","0","0","0","0","113","113","642","50700","0642","0000","1002A","1000A","Q","F",,"JFKIA TERMINAL ONE","OUTTER ROADWAY","0","408","C",,"BBBBBBB","ALL","ALL","BLK","0","0","-","0",,,,,
"1489278485","XHUM89","NJ","PAS","01/17/2022","46","DELV","ISUZU","P","61090","14690","14840","0","108","108","108","964178","0108","0000","0147P",,"Q","F","69-18","ROOSEVELT AVE",,"0","408","F1",,"BBBBBBB","ALL","ALL","WHITE","0","0","-","0",,,,,
"1488493509","JBC888","NY","PAS","01/17/2022","41","SDN","ME/BE","P","19490","25390","27790","20240820","25","25","25","964142","0025","0000","0854A",,"NY","O","56","EAST 127TH ST",,"0","408","E2",,"BBBBBBB","ALL","ALL","GRY","0","0","-","0",,,,,
"1489412890","U10536123","FL","PAS","01/17/2022","40","SDN","CHEVR","P","91430","40404","40404","20220206","62","62","62","973506","0062","0000","0120A",,"K","F","8410","W 21 ST",,"0","408","F2",,"BBBBBBB","ALL","ALL","RED","0","0","-","0",,,,,
"1489412906","KXM7575","NY","PAS","01/17/2022","98","SUBN","ROLLS","P","9780","7430","7530","20240912","62","62","62","973506","0062","0000","0253A",,"K","F","2369","64 ST",,"0","408","E2",,"BBBBBBB","ALL","ALL","BK","0","2016","-","0",,,,,
"1489881724","KUT1921","NY","PAS","01/17/2022","98","SUBN","TOYOT","P","0","40404","40404","20240313","104","104","104","973133","0104","0000","1002P",,"Q","F","583","GRANDVIEW",,"0","408","J3",,"BBBBBBB","ALL","ALL","WHITE","0","2022","-","0",,,,,
"1484663627","FTY1178","NY","PAS","01/17/2022","68","SUBN","DODGE","K","0","40404","40404","20240218","84","84","4","160259","0004","0000","0518P",,"K","F","159","BRIDGE PARK DR",,"0","408","A1",,"BBBBBBB","ALL","ALL","GREY","0","2018","-","0",,,,,
"1427654815","A66JSS","NJ","PAS","01/17/2022","98","SUBN","TOYOT","P","37462","18950","14280","20241220","63","63","63","968678","0063","0000","1011P",,,"F","1353","E 64 ST",,"0","408","E3",,"BBBBBBB","ALL","ALL",,"0","0","-","0",,,,,
"1489197497","RZA8325","NY","PAS","01/17/2022","14","SDN","HONDA","P","0","40404","40404","20250112","44","44","44","975293","0044","0000","0600P",,,,"610","EXTERIOR",,"0","408","E2",,"BBBBBBB","ALL","ALL",,"0","0","-","0",,,,,
"1484754955","1GRF59","MA","999","01/18/2022","51",,"FORD","K","18820","12210","0","0","46","46","2","160695","0002","0000","0129A",,"BX",,,"CEDAR AVE","UNIVERSITY WOODS","0","408","J2",,"BBBBBBB","ALL","ALL","GREY","0","0","-","0",,,,,
"1486217450","KPH8190","NY","PAS","01/18/2022","71","SDN","TESLA","P","67030","69230","63030","20230623","79","79","803","933504","0803","0000","0620P","0610P",,"O","111","NOSTRAND AVE",,"0","408","F2",,"BBBBBBB","ALL","ALL","WH","0","2021","-","0",,,,,
"1473336340","KWR7201","NY","PAS","01/18/2022","14","VAN","FORD","P","17990","10210","10110","20240511","17","17","17","972724","0017","0000","0551P",,,"F","224","E 50 ST",,"0","408","J6",,"BBBBBBB","ALL","ALL","WHT","0","2006","-","0",,,,,
"1488183223","KPB2552","NY","PAS","01/18/2022","46","SUBN","MAZDA","P","39430","54310","54070","20230601","71","71","71","972078","0071","0000","1009A",,"K","F","570","EMPIRE BLVD",,"0","408","F1",,"BBBBBBB","ALL","ALL","BK","0","0","-","0",,,,,
"1489376537","KGK8217","NY","PAS","01/18/2022","67","SDN","TOYOT","P","14240","51645","41700","20241209","111","111","111","964207","0111","0000","0050A",,"Q",,"218-12","68 AVE",,"0","408","F1",,"BBBBBBB","ALL","ALL","TAN","0","2009","-","0",,,,,
"1490173286","JBL547","FL","PAS","01/18/2022","40","SUBN",,"P","72230","12130","86030","0","71","71","71","973843","0071","0000","1115P",,,"F","1527","PRESIDENT ST",,"0","408","J2",,"BBBBBBB","ALL","ALL","BLK","0","0","-","0",,,,,
"1491075326","KXB8384","NY","PAS","01/18/2022","46","SUBN","JEEP","P","16910","27090","29190","20240621","34","34","34","974475","0034","0000","1110P",,"NY","F","107","DYCKMAN ST",,"0","408","D",,"BBBBBBB","ALL","ALL",,"0","0","-","0",,,,,
"1491275546","KKR9856","NY","PAS","01/18/2022","98","SDN","AUDI","P","16680","10880","19030","20230411","62","62","62","972148","0062","0000","0514A",,"NY","F","12","BAY 28 ST",,"0","408","F2",,"BBBBBBB","ALL","ALL","BK","0","2016","-","0",,,,,
"1489348323","49204H8","NY","PAS","01/18/2022","70","SDN","MAZDA","P","8190","15340","15540","20221002","115","115","115","954815","0115","0000","0410A",,"Q","O","72-16","32 AVE",,"0","408","E2",,"BBBBBBB","ALL","ALL","GY","0","2016","-","0",,,,,
"1490239327","942529","DE","PAS","01/18/2022","74","SDN","HONDA","P","20740","22090","22190","0","106","106","106","932561","0106","0000","1145A",,"Q","F","133-27","114 ST",,"0","408","F1",,"BBBBBBB","ALL","ALL","GY","0","0","-","0",,,,,
"1490099438","FYM4200","NY","PAS","01/18/2022","16","SUBN","JEEP","P","27290","32685","23190","20240420","1","1","1","971357","0001","0000","0820A",,"NY",,"35","N MOORE ST",,"0","408","K2",,"YYYYYBB","0700A","0700P","BLK","0","2015","-","0",,,,,
"1491097899","483567T","99","999","01/18/2022","40","P-U","NISSA","P","10810","13113","36770","20221022","32","32","32","975015","0032","0000","1158P",,"NY","F","2809","8TH AVE",,"0","408","D1",,"BBBBBBB","ALL","ALL","BLUE","0","0","-","0",,,,,
"1489017501","KVH4197","NY","PAS","01/18/2022","46","SUBN","KIA","P","65320","26550","8020","20240307","41","41","41","974871","0041","0000","1221P",,"NY","F","950","SOUTHERN BLVD",,"0","408","F1",,"BBBBBBB","ALL","ALL","GRN","0","0","-","0",,,,,
"1490725684","HVZ6119","NY","PAS","01/18/2022","21","SDN","TOYOT","P","24390","24190","30790","20231009","5","5","5","974454","0005","0000","1132P","1132P","NY","F","225","LAFAYETTE STREET",,"0","408","J2",,"BBBBBBB","ALL","ALL","GREY","0","2018","-","0",,,,,
"1478723786","KYT8745","NY","PAS","01/18/2022","40","SUBN","TOYOT","M","0","0","0","20241029","50","50","968","270161","0968","0000","1200A",,"BX",,,"C/O MARBLE HILL AVE","225TH ST","0","408","J3",,"BBBBBBB","ALL","ALL","GY","0","2020","-","0",,,,,
"1473073509","TZV35S","99","COM","01/18/2022","78","TR",,"P","0","41311","0","0","122","122","122","952122","0122","0000","1037P",,"R",,,"CAPODANO","OCEANSIDE AVE","0","408","K6",,"BBBBBBB","2100P","0500A","BL","0","0","-","0",,,,,
"1489036465","75100NA","NY","COM","01/18/2022","78","VAN","FORD","P","57720","10420","12550","20250131","49","49","49","959506","0049","0000","0915P",,"BX","F","665","PELHAM PKWY N",,"0","408","D1",,"BBBBBBB","ALL","ALL","WH","0","2020","-","0",,,,,
"1489036672","32608MN","99","COM","01/18/2022","78",,"FORD","P","57720","77150","22920","20240630","49","49","49","966035","0049","0000","0904P",,"BX","O","705","PELHAM PKWY N",,"0","408","K6",,"BBBBBBB","ALL","ALL","WH","0","2020","-","0",,,,,
"1489824340","6LEEE","NY","PAS","01/18/2022","40","SDN","MAZDA","P","7990","5790","0","20230329","114","114","114","970461","0114","0000","0250A",,"Q",,,"31 AVE","12 STREET","0","408","E2",,"BBBBBBB","ALL","ALL","BLK","0","2021","-","0",,,,,
"1491087274","HRC9896","NY","PAS","01/18/2022","46","SUBN","ROLLS","P","13610","37290","37310","20230510","33","33","33","974043","0033","0000","0559P",,"NY","F","4187","BROADWAY",,"0","408","C",,"BBBBBBB","ALL","ALL",,"0","0","-","0",,,,,
"1491124349","96091MA","NY","COM","01/18/2022","46","VAN","FRUEH","P","18710","24890","10210","0","19","19","19","974379","0019","0000","0140P",,"NY","F","151","E 86 ST",,"0","408","F1",,"BBBBBBB","ALL","ALL","BRW","0","2011","-","0",,,,,
"1490989778","JRH6025","NY","PAS","01/18/2022","98","SUBN","HONDA","P","23520","74810","76550","20240315","52","52","52","972683","0052","0000","0902P",,"BX","F","2649","DAVIDSON AVENUE",,"0","408","E2",,"BBBBBBB","ALL","ALL","GLD","0","2002","-","0",,,,,
"5122631487","KHM5753","NY","PAS","01/19/2022","7","4DSD","VOLKS","V","0","0","0","0",,"0","0","0",,,"0635P",,"QN",,,"SEAGIRT BLVD (W/B) @","BEACH 9TH ST","0","1,111","D","T",,,,"GY",,"2017",,"0",,"FAILURE TO STOP AT RED LIGHT",,,
"5122631499","JHL7287","NY","PAS","01/19/2022","7","4DSD","HONDA","V","0","0","0","0",,"0","0","0",,,"0639P",,"QN",,,"ASTORIA BLVD S (E/B)","@ 77TH ST","0","1,111","D","T",,,,"GY",,"2019",,"0",,"FAILURE TO STOP AT RED LIGHT",,,
"5122631505","JATTPK","NY","SPO","01/19/2022","7","4DSD","HYUND","V","0","0","0","0",,"0","0","0",,,"0643P",,"BK",,,"ATLANTIC AVE (W/B) @","KINGSTON AVE","0","1,111","D","T",,,,"GY",,"2011",,"0",,"FAILURE TO STOP AT RED LIGHT",,,
"5122631517","HBS6952","PA","PAS","01/19/2022","7","SW","HONDA","V","0","0","0","0",,"0","0","0",,,"0647P",,"BK",,,"OCEAN PKWY (N/B) @ C","HURCH AVE","0","1,111","D","T",,,,,,"2003",,"0",,"FAILURE TO STOP AT RED LIGHT",,,
"5122631529","KJA1337","NY","PAS","01/19/2022","7","4DSD","ME/BE","V","0","0","0","0",,"0","0","0",,,"0649P",,"BK",,,"MCDONALD AVE (S/B) @","VANDERBILT ST","0","1,111","D","T",,,,"BK",,"2015",,"0",,"FAILURE TO STOP AT RED LIGHT",,,
"5122631530","KMM3319","NY","PAS","01/19/2022","7","SUBN","CHEVR","V","0","0","0","0",,"0","0","0",,,"0706P",,"QN",,,"HORACE HARDING EXPWY","(E/B) @ UTOPIA PKWY","0","1,111","D","T",,,,"WH",,"2018",,"0",,"FAILURE TO STOP AT RED LIGHT",,,
"5122631542","JEL3464","NY","PAS","01/19/2022","7","SUBN","LEXUS","V","0","0","0","0",,"0","0","0",,,"0722P",,"BX",,,"GRAND CONCOURSE (S/B",") @ E 162 ST","0","1,111","D","T",,,,"WH",,"2019",,"0",,"FAILURE TO STOP AT RED LIGHT",,,
"5122631554","KFN6666","NY","PAS","01/19/2022","7","SUBN","HONDA","V","0","0","0","0",,"0","0","0",,,"0728P",,"QN",,,"HORACE HARDING EXPWY","(E/B) @ 108TH ST","0","1,111","D","T",,,,"OR",,"2004",,"0",,"FAILURE TO STOP AT RED LIGHT",,,
"5122632250","KJD1377","NY","PAS","01/19/2022","7","4DSD","NISSA","V","0","0","0","0",,"0","0","0",,,"0658P",,"QN",,,"ASTORIA BLVD (W/B) @","94TH ST","0","1,111","D","T",,,,"BL",,"2009",,"0",,"FAILURE TO STOP AT RED LIGHT",,,
"5122632261","KLU1363","NY","PAS","01/19/2022","7","2DSD","FIAT","V","0","0","0","0",,"0","0","0",,,"0718P",,"BK",,,"OCEAN PKWY (N/B) @ A","VE W","0","1,111","D","T",,,,"GY",,"2015",,"0",,"FAILURE TO STOP AT RED LIGHT",,,
"5122652648","HKF8776","NY","PAS","01/19/2022","7","SUBN","ME/BE","V","0","0","0","0",,"0","0","0",,,"0730P",,"QN",,,"HORACE HARDING EXPWY","(E/B) @ 108TH ST","0","1,111","D","T",,,,"GY",,"2017",,"0",,"FAILURE TO STOP AT RED LIGHT",,,
"1488238601","20261BT","NY","999","01/19/2022","40","BUS","IC","P","6980","40404","40404","20230228","66","66","66","967694","0066","0000","0849A",,"K","F","4116","19TH AVE",,"0","408","E2",,"BBBBBBB","ALL","ALL","YELLO","0","2009","-","0",,,,,
"1490537971","68566MN","NY","COM","01/19/2022","40","VAN","ISUZU","P","35480","14130","14180","20240630","70","70","70","954348","0070","0000","0258P",,"K","F","1194","E 15 STREET",,"0","408","F2",,"BBBBBBB","ALL","ALL","YELLO","0","2015","-","0",,,,,
"1490265995","TKS010IX","IN","PAS","01/19/2022","74","SUBN","KIA","P","53790","21390","21490","0","106","106","106","945043","0106","0000","0401P",,"Q","F","121-10","LIBERTY AVE",,"0","408","F7",,"BBBBBBB","ALL","ALL","BLK","0","0","-","0",,,,,
"1487699311","KYB1037","NY","PAS","01/19/2022","20","SDN","INFIN","P","56490","13870","13870","20240614","104","104","104","966343","0104","0000","0230A",,"Q","F","66-32","MYRTLE AVE",,"0","408","C",,"BBBBBBB","ALL","ALL","BLK","0","2014","-","0",,,,,
"1474741186","KFV4803","NY","PAS","01/19/2022","21","SDN","BMW","P","0","40404","40404","20240420","25","25","805","970483","0805","0000","0720A",,,"F","231","123RD STREET",,"0","408","E5",,"BBBBBBB","ALL","ALL","BL","0","2014","-","0",,,,,
"1487839418","KNN6240","NY","PAS","01/19/2022","14","SUBN","MASE","P","13820","27030","27060","20230521","48","48","48","968005","0048","0000","1005P",,,"F","2064","BOSTON RD",,"0","408","D1",,"BBBBBBB","ALL","ALL","BLK","0","2020","-","0",,,,,
"1489361807","KDD41135","NY","PAS","01/19/2022","14","SDN","LEXUS","P","9640","35690","0","20240729","111","111","111","975122","0111","0000","0713P",,"Q",,,"41 ST","BELL BLVD","0","408","E2",,"BBBBBBB","ALL","ALL",,"0","0","-","0",,,,,
"1488283898","69605MB","NY","COM","01/19/2022","78","VAN","DODGE","P","0","40404","40404","20240630","9","9","9","970400","0009","0000","1051P",,"NY","F","178","LOISAIDA STREET",,"0","408","K6",,"BBBBBBB","ALL","ALL","WH","0","2019","-","0",,,,,
"1489358936","23897NC","NY","COM","01/19/2022","78",,"RAM","P","0","0","0","20230228","111","111","111","942475","0111","0000","0938P",,"Q",,,"W/S HORACE HARDING E","196 PL","0","408","F2",,"BBBBBBB","ALL","ALL","WHITE","0","2022","-","0",,,,,
"1489880471","470YYG","CT","PAS","01/19/2022","40","SDN","ME/BE","P","12940","16190","16500","0","104","104","104","962537","0104","0000","0800P",,,"F","7846","62 ST",,"0","408","E2",,"BBBBBBB","ALL","ALL","GY","0","1995","-","0",,,,,
"1489927621","S22PPK","NJ","PAS","01/19/2022","14","SDN","ACURA","P","39595","61090","9440","20260101","109","109","109","964490","0109","0000","0536P",,"Q","F","40-24","COLLEGE PT BLVD",,"0","408","F2",,"BBBBBBB","ALL","ALL","RED","0","2021","-","0",,,,,
"1473401148","BLANKPLATE","99","999","01/19/2022","74","MC","FLY W","P","34910","10910","11010","0","18","18","18","949037","0018","0000","1208P",,"NY","F","440","W 57 ST",,"0","408","C",,"BBBBBBB","ALL","ALL","BLK","0","2022","-","0",,,,,
"1489194885","REF6444","NC","PAS","01/19/2022","19","SDN","TOYOT","P","55220","50520","74330","0","44","44","44","940091","0044","0000","0644P",,"BX","F","1275","OGDEN AVE",,"0","408","F7",,"BBBBBBB","ALL","ALL","BL","0","2012","-","0",,,,,
"1489236132","T657396C","NY","OMT","01/19/2022","46","SDN","TOYOT","P","10440","8140","8050","20230930","108","108","108","967921","0108","0000","0238P",,"Q","F","31-00","47 AVE",,"0","408","C",,"BBBBBBB","ALL","ALL","GRAY","0","2018","-","0",,,,,
"1489247208","KYH6609","NY","PAS","01/19/2022","98","SDN","HONDA","P","11190","61090","59990","20241217",,"0","108","972008","0108","0000","1131P","1131P",,"F","43-19","53 STREET",,"0","408","C3",,"BBBBBBB","ALL","ALL","RED","0","2013","-","0",,,,,
"1490667337","TOL0312","NY","PAS","01/19/2022","74","SDN","CHEVR","P","17410","10210","10110","20230620","13","13","13","958860","0013","0000","0816A",,"NY","F","244","EAST 21 ST",,"0","408","D",,"BBBBBBB","ALL","ALL","WH","0","2018","-","0",,,,,
"1488583407","BNG2067","NY","PAS","01/20/2022","98","SDN","ACURA","P","11430","15600","5430","20240501","68","68","68","971814","0068","0000","0910A",,"K","F","339","97 STREET",,"0","408","F2",,"BBBBBBB","ALL","ALL","GREY","0","0","-","0",,,,,
"1489414484","T652236C","NY","OMT","01/20/2022","40","SUBN","TOYOT","P","6980","10680","10730","20230930","62","62","62","969483","0062","0000","0405A",,"K","F","8210","19 AVE",,"0","408","E2",,"BBBBBBB","ALL","ALL","GREY","0","2020","-","0",,,,,
"1488954793","JRC1857","NY","PAS","01/20/2022","98","SUBN","HONDA","P","17190","21490","21540","20240220","102","102","102","971001","0102","0000","0918P",,"Q","F","122-02","85 AVE",,"0","408","F2",,"BBBBBBB","ALL","ALL","RED","0","2016","-","0",,,,,
"1489818339","KWZ3362","NY","PAS","01/20/2022","16","SDN","VOLVO","P","95030","66845","66840","20240404","94","94","94","970066","0094","0000","1108A",,"K","F","28","WYTHE AVE",,"0","408","C",,"BBBBBBB","ALL","ALL","BLACK","0","2014","-","0",,,,,
"1490021474","KXB3401","NY","PAS","01/20/2022","20","SUBN","AUDI","3","25645","13113","45100","20240630","19","19","977","862717","0977","0000","0840A",,"NY","O","475","MAIN ST",,"0","408","E3",,"YYYYYBB","0730A","0430P","GY","0","2022","-","0",,,,,
"1490314684","MDR8170","NC","PAS","01/20/2022","18","SUBN","VOLKS","P","24890","18610","18630","0","19","19","19","966436","0019","0000","1225P",,"NY","F","1204","LEXINGTON AVENUE",,"0","408","E2",,"BBBBBBB","ALL","ALL","GRY","0","0","-","0",,,,,
"1488446325","HYH4363","OH","PAS","01/20/2022","24","SDN","HONDA","P","85730","87230","45930","20230313","79","79","74","974145","0074","0000","0942P",,"K","O","255","TOMPKINS AVE",,"0","408","K6",,"BBBBBBB","ALL","ALL","GRAY","0","2008","-","0",,,,,
"1488446337","7FGK879","CA","PAS","01/20/2022","24","SDN","TOYOT","P","85730","87230","45930","20220802","79","79","79","971452","0079","0000","0937P",,"K","O","257","TOMPKINS AVE",,"0","408","D5",,"BBBBBBB","ALL","ALL","WHITE","0","2014","-","0",,,,,
"1484555922","P72NCZ","NJ","PAS","01/20/2022","14","P-U","DODGE","P","15920","46320","8120","0","40","40","40","962115","0040","0000","1128A",,"BX","F","20","BRUCKNER BLVD",,"0","408","F2",,"YYYYYBB","0700A","0700P","WH","0","0","-","0",,,,,
"1487511656","EUV3109","NY","PAS","01/20/2022","39","SDN","VOLKS","K","56825","55960","0","20230908","45","45","2","160672","0002","0000","0540P",,"BX","F",,"PARK DR","ORCHARD BEACH RD","0","408","D",,"BBBBBBB","ALL","ALL","WHITE","0","2009","-","0",,,,,
"1488972618","KXB6094","NY","PAS","01/20/2022","14","SUBN","HONDA","P","0","0","0","20240624","47","47","47","966748","0047","0000","0619A",,"BX",,,"N/E/C/O EAST 234 ST","KATONAH","0","408","C",,"BBBBBBB","ALL","ALL","GRY","0","2022","-","0",,,,,
"1489862729","58320NB","NY","COM","01/20/2022","98","VAN","FORD","P","6890","9140","9340","20241231","114","114","114","958577","0114","0000","0145P",,"Q","F","39-11","22 ST",,"0","408","F2",,"BBBBBBB","ALL","ALL","WHITE","0","2019","-","0",,,,,
"1488891140","KTV9516","NY","PAS","01/21/2022","98","SDN","INTER","P","21590","22090","22190","20240215","106","106","106","925605","0106","0000","0153A",,,"F","133-18","124 ST",,"0","408","E2",,"BBBBBBB","ALL","ALL","W","0","0","-","0",,,,,
"1485993544","LMV6191","PA","PAS","01/21/2022","14","SDN","LINCO","A","0","0","0","20231130","113","113","642","50707","0642","0000","0549P",,"Q","F",,"JFKIA","TERMINAL 4 ARRIVALS","0","408","C",,"BBBBBBB","ALL","ALL","BLACK","0","2010","-","0",,,,,
"1491274050","KUR7391","NY","PAS","01/21/2022","98","SDN","HONDA","P","10230","6780","6880","20240522","62","62","62","970796","0062","0000","1034P",,"K","F","1780","73 ST",,"0","408","E2",,"BBBBBBB","ALL","ALL","BLK","0","2013","-","0",,,,,
"1478983784","KHA9917","NY","PAS","01/21/2022","17",,"TOYOT","P","8080","5430","73725","20230317","72","72","72","943645","0072","0000","0905A",,"Q","F","178","30TH ST",,"0","408","F7",,"YYYYYBB","0700A","0400","WHITE","0","2003","-","0",,,,,
"1489412979","D11482","DE","PAS","01/21/2022","40","SDN","ME/BE","P","91030","14380","54050","0","62","62","62","973506","0062","0000","0707A",,"K","F","1630","W 11 ST",,"0","408","E2",,"BBBBBBB","ALL","ALL","BK","0","0","-","0",,,,,
"1429069582","KXZ5566","NY","PAS","01/21/2022","40","SUBN","DODGE","P","52930","53500","71330","20240831","84","84","84","945898","0084","0000","0316A",,"K","F","20","JAY ST",,"0","408","D",,"BBBBBBB","ALL","ALL","GY","0","2016","-","0",,,,,
"1487863615","KPW9253","NY","PAS","01/21/2022","46","SDN","BMW","P","26760","66620","77750","20231001","42","42","42","975095","0042","0000","0529P",,"BX","O","850","EAST 170",,"0","408","K6",,"BBBBBBB","ALL","ALL","BLUE","0","2020","-","0",,,,,
"1490812052","KBL8268","NY","PAS","01/21/2022","40","SUBN","FORD","P","42630","8630","8680","20240828","66","66","66","963511","0066","0000","1135A",,"K","F","4103","FT HAMILTON AVE",,"0","408","E2",,"BBBBBBB","ALL","ALL","BL","0","2020","-","0",,,,,
"1490941204","KXM3500","99","PAS","01/21/2022","67","SDN","BMW","P","27810","58020","0","20240721","52","52","52","953769","0052","0000","0915A",,"BX",,,"E 206 ST","PERRY AVE","0","408","C",,"BBBBBBB","ALL","ALL","BLK","0","2016","-","0",,,,,
"1486958795","23199ML","NY","COM","01/21/2022","78","VAN","FORD","P","56430","42730","41370","20240223","75","75","75","951605","0075","0000","0345A",,"K","F","250","LINWOOD ST",,"0","408","E2",,"BBBBBBB","ALL","ALL","WH","0","2018","-","0",,,,,
"1490468298","1890Y5","99","PAS","01/21/2022","67","SDN","TOYOT","P","65620","26340","26370","0","40","40","40","974157","0040","0000","1045P",,"BX","F","744","ST ANNS AVE",,"0","408","F1",,"BBBBBBB","ALL","ALL","WT","0","2020","-","0",,,,,
"1488444250","BLANKPLATE","99","999","01/21/2022","74","SUBN","TOYOT","P","63030","18630","79730","0","79","79","79","965873","0079","0000","0210P",,,"F","690","MYRTLE AV",,"0","408","C3",,"BBBBBBB","ALL","ALL","GRY","0","0","-","0",,,,,
"1489924000","BLANKPLATE","99","999","01/21/2022","40","SDN","CHEVR","P","7190","6440","6590","0","114","114","114","973136","0114","0000","1055P",,,"F","2055","24 STREET",,"0","408","E3",,"BBBBBBB","ALL","ALL","BK","0","0","-","0",,,,,
"1487828561","CJ50157","IL","PAS","01/21/2022","99","SDN","HONDA","P","27570","23920","73720","20220913","52","52","52","974573","0052","0000","1142P","2340P",,"O","382","E 197 ST",,"0","408","F2",,"BBBBBYY","ALL","ALL","RED","0","2007","-","0",,,,,
"1489983491","ZSE4368","PA","PAS","01/21/2022","14","VAN","FORD","P","10990","41700","48930","20231130","110","110","110","971992","0110","0000","0321P",,"Q","F","84-05","52 AVE",,"0","408","F2",,"BBBBBBB","ALL","ALL",,"0","0","-","0",,,,,
"1486394747","18AUSGE","FL","PAS","01/21/2022","17","SDN","CHEVR","P","33970","23190","21790","0","6","6","6","942948","0006","0000",,,,"F","257","WEST 10 ST",,"0","408","D5",,"BBBBBBB","ALL","ALL","BK","0","0","-","0",,,,,
"1490939880","S1395187","GA","PAS","01/21/2022","40",,"HONDA","P","23520","74780","74810","0","52","52","52","965187","0052","0000","0431A",,,"F","2531","DAVIDSON AVE",,"0","408","E2",,"BBBBBBB","ALL","ALL",,"0","0","-","0",,,,,
"1489296268","HUP1200","NY","PAS","01/21/2022","14","P-U","CHEVR","P","10740","9140","62590","20240126","108","108","108","974748","0108","0000","0524P",,"Q",,"39-18","49TH ST",,"0","408","E2",,"BBBBBBB","ALL","ALL","BLUE","0","2021","-","0",,,,,
"1486435634","KWF0832","PA","PAS","01/22/2022","40","SDN","TOYOT","P","25940","53890","21070","0","113","113","113","950968","0113","0000","0300P",,"Q",,"117-30","201 STREET",,"0","408","E3",,"BBBBBBB","ALL","ALL","GY","0","0","-","0",,,,,
"1476421766","KWK9306","NY","PAS","01/22/2022","46","SUBN","GMC","P","74360","50520","39803","20240630","44","44","138","932060","0138","0000","0235A",,"BX","F","190","W 170 ST",,"0","408","E1",,"BBBBBBB","ALL","ALL","BLACK","0","2013","-","0",,,,,
"1488435649","KSL2921","NY","PAS","01/23/2022","67","SDN","NISSA","P","13490","79980","0","20231026","88","88","88","959559","0088","0000","1120P",,"K",,,"AUBURN PL","ST EDWARDS ST","0","408","E2",,"BBBBBBB","ALL","ALL","TAN","0","2008","-","0",,,,,
"1486621200","KEX1564","NY","PAS","01/23/2022","40","VAN","HONDA","P","0","40404","40404","20220918","48","48","98","972097","0098","0000","0111A","0109A","BX","O","696","BEAMOUNT AVE",,"0","408","E2",,"BBBBBBB","ALL","ALL",,"0","0","-","0",,,,,
"1486621211","KEX156","NY","PAS","01/23/2022","70","VAN","HONDA","P","0","40404","40404","20220918","48","48","48","972097","0048","0000","0119A","0112A","BX","O","696","BEAMOUNT AVE",,"20,220,123","408","E2",,"BBBBBBB","ALL","ALL",,"0","0","-","0",,,,,
"1490408034","KBU7683","NY","PAS","01/23/2022","20","SUBN","MAZDA","P","23920","27900","29320","20241122","52","52","52","969287","0052","0000","0914P",,"BX","F","3312","DECATUR AVE",,"0","408","E2",,"BBBBBBB","ALL","ALL","BLK","0","2019","-","0",,,,,
"1489722890","KVV7124","NY","PAS","01/23/2022","40","SUBN","HONDA","P","30430","31233","39830","20240508","75","75","75","940186","0075","0000","0820A",,"K","F","78","CRESCENT ST",,"0","408","E3",,"BBBBBBB","ALL","ALL","TAN","0","0","-","0",,,,,
"1488435637","KHA1901","NY","PAS","01/23/2022","40","SUBN","AUDI","P","79430","31530","54130","20221209","88","88","88","959559","0088","0000","1130P",,"K","F","27","S PORTLAND AVE",,"0","408","D",,"BBBBBBB","ALL","ALL","GREY","0","2012","-","0",,,,,
"1489880938","B83936N","CA","PAS","01/23/2022","40",,"FORD","P","13490","38490","61920","0","104","104","104","965722","0104","0000","0622A",,"Q",,"6941","64 ST",,"0","408","C",,"BBBBBBB","ALL","ALL",,"0","0","-","0",,,,,
"1476066115","RGE0340","GA","PAS","01/23/2022","40","SDN","NISSA","P","33620","26730","42620","0","42","42","807","966518","0807","0000","1025A","0940A","BX","F","1377","FRANKLIN AVENUE",,"20,220,123","408","C4",,"BBBBBBB","ALL","ALL","BLK","0","2016","-","0",,,,,
"1491087330","19483ND","NY","PAS","01/23/2022","46","VAN","ME/BE","P","44990","35450","35470","20230203","20","20","20","974629","0020","0000","0135P",,"NY","F","515","WEST END AVE",,"0","408","F1",,"BBBBBBB","ALL","ALL","WHT","0","2022","-","0",,,,,
"1491091757","AP128U","NJ","PAS","01/23/2022","46","DELV","FRUEH","P","11710","35050","35070","0","20","20","20","972527","0020","0000","0908A",,"NY","F","100","AMSTERDAM AVE",,"0","408","E2",,"BBBBBBB","ALL","ALL","BLUE","0","2014","-","0",,,,,
"1490832944","D73RPF","NJ","PAS","01/23/2022","14","SDN","ME/BE","P","35430","45730","14780","0","61","61","61","969349","0061","0000","0118P",,"K","F","2367","EAST 14 STREET",,"0","408","F2",,"BBBBBBB","ALL","ALL","W","0","0","-","0",,,,,
"1485666727","34867MN","NY","COM","01/24/2022","17","VAN","FORD","O","59990","16840","16940","20200930","102","102","0","0","0QSC","0000","0925A",,"Q","F","125-01","QNS BLVD",,"0","408","J6",,"BBBBBBB","ALL","ALL","WH","0","2019","-","0",,,,,
"1466170098","GBJ3104","NY","PAS","01/24/2022","17","P-U","GMC","O","16790","21690","22040","20220927","102","102","0","0","0QSC","0000","0107P",,"Q","F","126-02","82ND AVENUE",,"0","408","C4",,"YYYYYBB","0700A","0700P","WHITE","0","2021","-","0",,,,,
"1450770850","KVN1173","NY","PAS","01/24/2022","14","SUBN","CHEVR","A","0","0","0","20240321","113","113","642","49851","0642","0000","0530P",,"NY","F",,"JFKIA","T5 ARRIVAL PLU 3","0","408","C",,"BBBBBBB","ALL","ALL","BLK","0","2012","-","0",,,,,
"1488364400","KHG6678","NY","PAS","01/24/2022","40","SDN","HONDA","P","18630","58130","72930","20221206","79","79","79","974663","0079","0000","0530P",,"K","F","1165","BEDFORD AVE",,"0","408","F1",,"BBBBBBB","ALL","ALL","BLK","0","2020","-","0",,,,,
"1488364412","KKS8864","NY","PAS","01/24/2022","46","SUBN","FORD","P","18630","69230","63030","20230622","79","79","79","974663","0079","0000","0545P",,"K","F","836","BEDFORD AVE",,"0","408","E2",,"BBBBBBB","ALL","ALL","BLK","0","2021","-","0",,,,,
"1490812090","KXM9287","NY","PAS","01/24/2022","46","SUBN","NISSA","P","34980","26230","19630","20240113","66","66","66","963511","0066","0000","0240P",,"K","F","350","EAST 4 ST",,"0","408","E2",,"BBBBBBB","ALL","ALL","BK","0","0","-","0",,,,,
"1490887520","KKY5399","NY","PAS","01/24/2022","98","SDN","CHEVR","P","42030","67130","65530","20230413","94","94","94","969305","0094","0000","1147A",,"K","F","96","FRANKLIN ST",,"0","408","C",,"BBBBBBB","ALL","ALL","BLK","0","0","-","0",,,,,
"1490512457","KPT1954","NY","PAS","01/24/2022","71","SDN","ME/BE","P","39420","16620","29320","20230823","49","49","49","975294","0049","0000","0324P","0324P","BX","F","3220","HERING AVE",,"0","408","J6",,"BBBBBBB","ALL","ALL","SILVE","0","2005","-","0",,,,,
"1488616358","HYA2337","NY","PAS","01/24/2022","14",,"VOLKS","P","14280","28830","35330","20231027","70","70","70","962489","0070","0000","0922A",,"K","F","1123","AVE N",,"0","408","J2",,"BBBBBBB","0700A","1700P","WH","0","2014","-","0",,,,,
"1463803527","Z71MVM","NJ","PAS","01/24/2022","20","SUBN","CHEVR","Y","26630","64830","36480","0","71","71","976","101269","0976","0000","0710P",,"K","F","471","CLARKSON AVE",,"0","408","D",,"BBBBBBB","ALL","ALL","BLK","0","0","-","0",,,,,
"1485793841","ZPV3908","PA","PAS","01/24/2022","98","P-U","FORD","P","0","40404","40404","20220531","122","122","122","971003","0122","0000","0917P",,"R","F","155","FATHER CAP BLVD",,"0","408","D",,"BBBBBBB","ALL","ALL","WHI","0","2001","-","0",,,,,
"1472541789","17914MK","NY","COM","01/24/2022","78","VAN","FORD","P","90530","14830","14880","20241031","60","60","60","958885","0060","0000","1240A",,"K","O","2526","W 1 STREET",,"0","408","F2",,"BBBBBBB","ALL","ALL","WH","0","2019","-","0",,,,,
"1487826606","BE49608","CT","PAS","01/24/2022","40","SDN","BMW","P","0","40404","40404","0","52","52","52","965187","0052","0000","0211A",,,"F","445","E MOSHOLU PK W",,"0","408","F2",,"BBBBBBB","ALL","ALL",,"0","0","-","0",,,,,
"1491301454","NEJAD","MI","PAS","01/24/2022","98","SDN","LEXUS","P","0","40404","40404","0","68","68","68","972463","0068","0000","1022P",,"K","F","7122","RIDGE BOUELVARD",,"0","408","F7",,"BBBBBBB","ALL","ALL","WH","0","2011","-","0",,,,,
"1466170104","241151T","NJ","PAS","01/25/2022","40","SDN","PORSC","O","16790","21690","22040","0","102","102","0","0","0QSC","0000","1027A",,"Q","F","126-02","82ND AVE",,"0","408","C4",,"BBBBBBB","ALL","ALL","WHITE","0","0","-","0",,,,,
"1489413017","KTX9814","NY","PAS","01/25/2022","40","SUBN","NISSA","P","16330","15780","30630","20240725","62","62","62","973506","0062","0000","0500A",,"K","F","192","BAY 17 ST",,"0","408","F2",,"BBBBBBB","ALL","ALL","BLK","0","2018","-","0",,,,,
"1489901942","GPX6172","NY","PAS","01/25/2022","56","SUBN","NISSA","P","8440","18740","51790","20240518","115","115","115","963175","0115","0000","0539P",,"Q","O","94-06","34 AVE",,"0","408","E8",,"BBBBBBB","ALL","ALL",,"0","0","-","0",,,,,
"1488886635","KSM2417","NY","PAS","01/25/2022","99","DELV","ISUZU","P","29090","24940","21210","20230930","113","113","113","959583","0113","0000","0346A",,"Q","O","177-04","BAISLEY BLVD",,"0","408","E2",,"BBBBBBB","ALL","ALL","WH","0","2005","-","0",,,,,
"1490336096","KNZ7297","NY","PAS","01/25/2022","17",,"ME/BE","P","0","40404","40404","20230701","25","25","25","973857","0025","0000","0718A",,"NY","O","239","EAST 120",,"0","408","C4",,"BBBBBBB","ALL","ALL",,"0","0","-","0",,,,,
"1489002327","T737273C","NY","PAS","01/25/2022","20","SUBN","CHEVR","P","78950","7720","29320","20230228","49","49","49","969300","0049","0000","1244P",,"BX","F","3033","YOUNG AVE",,"0","408","E2",,"BBBBBBB","ALL","ALL","BLACK","0","2022","-","0",,,,,
"1488097884","PC52839","IN","PAS","01/25/2022","6","SEMI","FRUEH","P","29090","23790","24040","0","113","113","113","959583","0113","0000","0310A",,"Q","O","157-02","BAISLEY BLVD",,"0","408","5",,"BBBBBBB","ALL","ALL","WH","0","2023","-","0",,,,,
"1466170116","GAU3146","NY","PAS","01/26/2022","17","SUBN","HONDA","O","16790","21690","22040","20230427","102","102","0","0","0QSC","0000","0145P",,"Q","F","126-02","82ND AVENUE",,"0","408","E2",,"YYYYYBB","0700A","0700P","BLUE","0","2013","-","0",,,,,
"1487940142","KND1578","NY","PAS","01/26/2022","46","SUBN","JEEP","P","10210","18710","18730","20230610","19","19","19","966096","0019","0000","0223P",,"NY","F","1538","3 AVE",,"0","408","F2",,"BBBBBBB","ALL","ALL","BLU","0","2018","-","0",,,,,
"1474149893","T726510","NY","PAS","01/26/2022","40","SUBN","TOYOT","P","36270","24690","10610","20221231",,"0","28","959679","0028","0000","0130P",,"NY","F","158","W 125",,"0","408","F1",,"BBBBBBB","ALL","ALL","BLK","0","2016","-","0",,,,,
"1489476751","KED2641","NY","PAS","01/26/2022","46","SUBN","HYUND","P","0","40404","40404","20240731","25","25","162","974142","0162","0000","0147P",,"NY","F","2138","3RD",,"0","408","D",,"BBBBBBB","ALL","ALL","GRAY","0","2006","-","0",,,,,
"1487090810","L22PVG","NJ","PAS","01/26/2022","19","SDN","ME/BE","P","22680","22080","28830","0","60","60","60","970667","0060","0000","0412P","0412P","K","F","720","BRIGHTON BEACH AVE",,"0","408","F1",,"BBBBBBB","ALL","ALL","BLU","0","0","-","0",,,,,
"1487225738","J15EUW","NJ","PAS","01/26/2022","46","P-U","FORD","P","46620","42720","26820","0","42","42","42","972183","0042","0000","0909A",,"BX","F","1465","LONGFELLOW AVE",,"0","408","E2",,"BBBBBBB","ALL","ALL","WHT","0","0","-","0",,,,,
"1487475469","KHA8760","NY","PAS","01/26/2022","40","SUBN","LEXUS","P","35080","73150","46130","20230209","72","72","72","971816","0072","0000","1040A",,"K","O","30","E 7 ST",,"0","408","C",,"BBBBBBB","ALL","ALL","BLU","0","2010","-","2",,,,,
"1473156804","KVX6111","NY","PAS","01/26/2022","71","SDN","FORD","P","70077","70277","70278","20231122","123","123","123","965519","0123","0000","1010A","1005A","R","F","188","DAHLIA ST",,"0","408","K6",,"BBBBBBB","ALL","ALL","GRY","0","2011","-","0",,,,,
"1490220094","JCF3509","NY","PAS","01/26/2022","40","SUBN","DODGE","P","17540","18940","60810","20240822","102","102","102","972364","0102","0000","0330A",,"Q","F","97-11","86 STREET",,"0","408","E2",,"BBBBBBB","ALL","ALL","BLU","0","2009","-","0",,,,,
"1489768130","GPC4795","NY","PAS","01/26/2022","14","SUBN","TOYOT","P","88130","55530","82930","20240419","81","81","0","973931","0000","0000","0817P",,"K","F","400","VERNON AVE",,"0","408","E2",,"BBBBBBB","ALL","ALL","GRAY","0","2015","-","0",,,,,
"1491129270","HTH2862","NY","PAS","01/26/2022","98","SDN","HONDA","P","36970","21190","29690","20240917","33","33","33","970107","0033","0000","0145P",,"NY","F","630","W 160 STREET",,"0","408","F1",,"BBBBBBB","ALL","ALL",,"0","2005","-","0",,,,,
"1491137344","KWT8092","NY","PAS","01/26/2022","46","SDN","MAZDA","P","16910","27090","29190","20240614","34","34","34","975199","0034","0000","0930P",,"NY","F","114","DYCKMAN STREET",,"0","408","F2",,"BBBBBBB","ALL","ALL",,"0","0","-","0",,,,,
"1489360554","9F6677","SD","PAS","01/26/2022","40","SDN","HONDA","P","8190","45890","51670","20221130","111","111","111","963755","0111","0000","0108A",,"Q","F","198-21","32 AVE",,"0","408","E5",,"BBBBBBB","ALL","ALL","GRY","0","2002","-","0",,,,,
"1490410272","BLANKPLATE","99","999","01/26/2022","14","SDN","ACURA","P","29320","58020","41420","0","52","52","52","961791","0052","0000","0939P",,"BX","F","323","E GUN HILL RD",,"0","408","J2",,"BBBBBBB","ALL","ALL",,"0","0","-","0",,,,,
"1489542437","337MLZ","FL","PAS","01/26/2022","20","SDN","HYUND","P","73110","37492","44430","0","69","69","69","974963","0069","0000","0400P",,"K",,"1713-19","RALPH AVE",,"0","408","D",,"BBBBBBB","ALL","ALL","WHT","0","0","-","0",,,,,
"1487926972","T680518C","NY","OMT","01/26/2022","98","SDN","TOYOT","P","19150","24890","10210","20230930","23","23","23","967568","0023","0000","1057P",,"NY","F","188","E 109 ST",,"0","408","K4",,"BBBBBBB","ALL","ALL","BLK","0","2016","-","0",,,,,
"1490791656","7262YB","FL","PAS","01/26/2022","98","SUBN","CHRYS","P","55330","67030","64830","0","67","67","67","972126","0067","0000","1200A",,"K","F","323","LENOX RD",,"0","408","F2",,"BBBBBBB","ALL","ALL","GRAY","0","2005","-","0",,,,,
"1490601533","0263THD","DP","PAS","01/26/2022","38","SDN","TOYOT","K","0","13820","0","0","84","84","4","160259","0004","0000","1240P",,"K","F","150","FURMAN","BROOKLYN BRIDGE PK","0","408","D",,"BBBBBBB","ALL","ALL","B","0","0","-","0",,,,,
"1488654001","TBI5157","GA","PAS","01/27/2022","67","SDN","BMW","P","0","0","0","0","70","70","70","972492","0070","0000","0355A",,"K",,,"N/E PARKSIDE","I/O ST PAUL","0","408","E2",,"BBBBBBB","ALL","ALL","SILVE","0","0","-","0",,,,,
"1489932689","FSN2992","NY","PAS","01/27/2022","70","SDN","ME/BE","P","15240","38690","39690","20211106","104","104","104","969003","0104","0000","1249A",,"Q","F","71-52","72 PL",,"0","408","J6",,"BBBBBBB","ALL","ALL","SIL","0","0","-","0",,,,,
"1491077360","Z43RHY","NJ","PAS","01/27/2022","17",,"NISSA","P","16910","27090","29190","0","34","34","34","973902","0034","0000","0822P",,,"F","104","DYCKMAN ST",,"20,220,127","408","F1",,"BBBBBBB","ALL","ALL",,"0","0","-","0",,,,,
"1483104310","W19LHN","NJ","PAS","01/27/2022","14",,"HONDA","F","19190","10210","10110","0","23","23","0","923596","1S65","0000","0945P",,"NY","F","239","E 111TH ST",,"0","408","C4",,"BBBBBBB","ALL","ALL","GRAY","0","0","-","0",,,,,
"1487109027","T771686C","NY","999","01/28/2022","40","SDN","TOYOT","P","53790","21740","21790","20230331","106","106","106","972868","0106","0000","0113A",,"Q","F","127-20","LIBERTY AVE",,"0","408","C",,"BBBBBBB","ALL","ALL","BLK","0","2016","-","0",,,,,
"1466170128","KNX3199","NY","PAS","01/28/2022","17","SDN","DODGE","O","16790","21690","22040","20220930","102","102","0","0","0QSC","0000","1048A",,"Q","F","126-02","82ND AVENUE",,"0","408","C4",,"YYYYYBB","0700A","0700P","WHITE","0","2021","-","0",,,,,
"1490861282","KYF3897","NY","PAS","01/28/2022","46","SDN","HONDA","P","43330","58730","85730","20240915","79","79","79","972294","0079","0000","1244A",,"K","F","480","GATES AVE",,"0","408","J6",,"BBBBBBB","ALL","ALL","GRAY","0","2018","-","0",,,,,
"1490532936","KWE5103","NY","PAS","01/28/2022","19","SDN","KIA","P","67530","40230","44430","20240517","70","70","70","962042","0070","0000","0051A",,"K","F","1111","OCEAN AVE",,"0","408","E2",,"BBBBBBB","ALL","ALL","BK","0","2022","-","0",,,,,
"1489960168","HZH5340","NY","PAS","01/28/2022","98","SDN","BUICK","P","7640","8440","8590","20240518","114","114","114","971080","0114","0000","0445P",,"Q","F","34-44","28 ST",,"0","408","E2",,"BBBBBBB","ALL","ALL","WHT","0","2014","-","0",,,,,
"1489978227","82525ML","NY","COM","01/28/2022","78","VAN","FORD","P","54090","45490","12590","20230918","104","104","104","969380","0104","0000","0245A",,"Q","F","59-45","LINDEN ST",,"0","408","E2",,"BBBBBBB","0900P","0500A","WH","0","0","-","0",,,,,
"1489978264","KTD8851","NY","PAS","01/28/2022","98","SUBN","HONDA","P","0","40404","40404","20230129","104","104","104","969380","0104","0000","0420A",,"Q","F",,"C/O 466 ONDERDONK",,"0","408","E2",,"BBBBBBB","ALL","ALL","WH","0","0","-","0",,,,,
"1489978355","13416MN","NY","PAS","01/28/2022","78","VAN","CHEVR","P","39890","29530","41290","20250131","104","104","104","969380","0104","0000","0233A",,"Q","F","1677","CORNELIA ST",,"0","408","K6",,"BBBBBBB","0900P","0500A","WLL","0","0","-","0",,,,,
"1486378961","F28HFN","NJ","PAS","01/28/2022","98",,"HONDA","P","24750","13115","24390","20241120","5","5","5","970561","0005","0000","0133P",,,"F","108","LEONARD STREET",,"0","408","E3",,"BBBBBBB","ALL","ALL","BLUE","0","0","-","0",,,,,
"1490741926","KXD2515","NY","PAS","01/28/2022","21","SUBN","ACURA","P","0","0","0","20240628","106","106","106","974378","0106","0000","0810P","2010P",,,,"W/S 100 STREET","N/O 133 AVE","0","408","D",,"BBBBBBB","ALL","ALL","BLUE","0","2022","-","0",,,,,
"1483104321","LTG5672","PA","PAS","01/28/2022","40",,"HONDA","F","19190","10210","10110","0","23","23","0","923596","156S","0000","0517P",,"NY","F","242","E 111 ST",,"0","408","C",,"BBBBBBB","ALL","ALL","SILV","0","0","-","0",,,,,
"1487847075","KMT6672","NY","PAS","01/29/2022","46","SUBN","JEEP","P","9820","63820","38920","20240710","52","52","52","968743","0052","0000","0457A",,"BX","F","2500","BAILEY AVE",,"0","408","F1",,"BBBBBBB","ALL","ALL","BLACK","0","0","-","0",,,,,
"1490124482","KBT8043","NY","PAS","01/29/2022","40","SDN","HONDA","P","56230","86030","36830","20230930","67","67","67","951101","0067","0000","0905A",,"K","F","604","LINDEN BLVD",,"0","408","F2",,"BBBBBBB","ALL","ALL","BK","0","2022","-","0",,,,,
"1487838311","T689160C","NY","PAS","01/29/2022","21","SDN","HONDA","P","0","40404","40404","20230930","41","41","41","962917","0041","0000","0900A",,,"O","745","FOX",,"0","408","F1",,"BBBBBBB","ALL","ALL","WH","0","2017","-","0",,,,,
"1489969615","JRB2598","NY","PAS","01/29/2022","98","SUBN","FORD","P","9690","19190","35780","20240614","110","110","110","970600","0110","0000","0355A",,,"F","99-18","42 AVE",,"0","408","F2",,"BBBBBBB","ALL","ALL","WHT","0","2008","-","0",,,,,
"1489275551","DDH8692","NY","PAS","01/29/2022","98","SDN","TOYOT","P","9140","54102","12390","20230307","108","108","108","967949","0108","0000","1200P",,"Q","F","58-09","39 AVE",,"0","408","F2",,"BBBBBBB","ALL","ALL","GRAY","0","2005","-","0",,,,,
"1490775389","KG71880","NY","PAS","01/29/2022","98","SUBN","TOYOT","P","55540","27092","35780","20241202","105","105","105","968201","0105","0000","0440A",,"Q","F","228-43","MENTONE AVE",,"0","408","C3",,"BBBBBBB","ALL","ALL","GY","0","2015","-","0",,,,,
"1485984658","KHM3485","NY","PAS","01/30/2022","20","SDN","HONDA","A","0","0","0","20241022","115","115","302","50533","0302","0000","0915A",,"Q","F",,"94 ST","CGP SERVICE RD","0","408","D",,"BBBBBBB","ALL","ALL","BK","0","2015","-","0",,,,,
"1490814401","KZN3785","NY","PAS","01/30/2022","98","SUBN","MAZDA","P","25730","84430","26330","20241013","66","66","66","963511","0066","0000","0158P",,"K","F","96","CHESTER AVE",,"0","408","E2",,"BBBBBBB","ALL","ALL","GY","0","2016","-","0",,,,,
"1490133150","JAD4587","NY","PAS","01/30/2022","46","VAN","FORD","P","39430","64830","23330","20240830","71","71","71","975212","0071","0000","0302P",,"NY","F","490","EMPIRE BLVD",,"0","408","F1",,"BBBBBBB","ALL","ALL",,"0","0","-","0",,,,,
"1490470657","HKF4073","NY","PAS","01/30/2022","40","SUBN","FORD","P","25860","78150","15720","20221016","40","40","40","947916","0040","0000","0542A",,"BX","F","455","E 140TH ST",,"0","408","E2",,"BBBBBBB","ALL","ALL","WHI","0","2015","-","0",,,,,
"1487392953","U79RHW","NJ","PAS","01/30/2022","14","SDN","NISSA","P","24120","37110","37130","0","33","33","33","964886","0033","0000","0943A",,"NY","F","21","JUMEL PLACE",,"0","408","E5",,"BBBBBBB","ALL","ALL","BLK","0","0","-","0",,,,,
"1488882514","HHA6805","NY","PAS","01/30/2022","80","SDN","TOYOT","N","20910","22810","22840","20240704","113","113","113","971942","0113","0000","0455P","0455P","NY","F","142-19","116 ROAD",,"0","408","E5",,"BBBBBBB","ALL","ALL",,"0","0","-","0",,,,,
"1489275162","KSR5036","NY","PAS","01/30/2022","98","SUBN","HONDA","P","11990","61090","9840","20231024","108","108","108","964939","0108","0000","0115P","0115P","Q","F","41-23","57 STREET",,"0","408","C",,"BBBBBBB","ALL","ALL","BURG","0","2018","-","0",,,,,
"1490734168","HFP9733","NY","PAS","01/30/2022","98","SUBN","NISSA","P","17790","17740","17990","20240205","102","102","102","969917","0102","0000","0835P",,"Q",,"87-19","88 AVE",,"0","408","E2",,"BBBBBBB","ALL","ALL","WHITE","0","2022","-","0",,,,,
"1490959488","KFL6997","NY","PAS","01/30/2022","40","SDN","BMW","P","14920","75260","75290","20240812","50","50","50","947683","0050","0000","0925A",,"BX","F","6601","BROADWAY",,"0","408","F7",,"BBBBBBB","ALL","ALL","WH","0","2022","-","0",,,,,
